Sample in Buffer,Sample in Window,TRIGGER,design_1_i/addrmonitor_0_state[2:0],design_1_i/addrmonitor_0_physicaladdr[31:0],design_1_i/addrmonitor_0_virtualaddr[63:0],design_1_i/addrmonitor_0_offset[63:0],design_1_i/addrmonitor_0_count[5:0],design_1_i/addrmonitor_0_virtualaddr_out1[63:0]
0,0,0,1,88082000,0000000000000000,00007fa0e2f7e000,2c,00007fa0e2f7e000
1,1,0,1,88082000,0000000000000000,00007fa0e2f7e000,2c,00007fa0e2f7e000
2,2,0,1,88082000,0000000000000000,00007fa0e2f7e000,2c,00007fa0e2f7e000
3,3,0,1,88082000,0000000000000000,00007fa0e2f7e000,2c,00007fa0e2f7e000
4,4,0,1,88082000,0000000000000000,00007fa0e2f7e000,2c,00007fa0e2f7e000
5,5,0,1,88082000,0000000000000000,00007fa0e2f7e000,2c,00007fa0e2f7e000
6,6,0,1,88082000,0000000000000000,00007fa0e2f7e000,2c,00007fa0e2f7e000
7,7,0,1,88082000,0000000000000000,00007fa0e2f7e000,2c,00007fa0e2f7e000
8,8,0,1,88082000,0000000000000000,00007fa0e2f7e000,2c,00007fa0e2f7e000
9,9,0,1,88082000,0000000000000000,00007fa0e2f7e000,2c,00007fa0e2f7e000
10,10,0,1,88082000,0000000000000000,00007fa0e2f7e000,2c,00007fa0e2f7e000
11,11,0,1,88082000,0000000000000000,00007fa0e2f7e000,2c,00007fa0e2f7e000
12,12,0,1,88082000,0000000000000000,00007fa0e2f7e000,2c,00007fa0e2f7e000
13,13,0,1,88082000,00007fa0e317f000,00007fa0e2f7e000,2c,00007fa0e2f7e000
14,14,0,1,88082000,00007fa0e2f7e000,00007fa0e2f7e000,2c,00007fa0e2f7e000
15,15,0,1,88082000,0000000000000000,00007fa0e2f7e000,2c,00007fa0e2f7e000
16,16,0,1,88082000,0000000000000000,00007fa0e2f7e000,2c,00007fa0e2f7e000
17,17,0,1,88082000,0000000000000000,00007fa0e2f7e000,2c,00007fa0e2f7e000
18,18,0,1,88082000,0000000000000000,00007fa0e2f7e000,2c,00007fa0e2f7e000
19,19,0,1,88082000,0000000000000000,00007fa0e2f7e000,2c,00007fa0e2f7e000
20,20,0,1,88082000,0000000000000000,00007fa0e2f7e000,2c,00007fa0e2f7e000
21,21,0,1,88082000,0000000000000000,00007fa0e2f7e000,2c,00007fa0e2f7e000
22,22,0,1,88082000,0000000000000000,00007fa0e2f7e000,2c,00007fa0e2f7e000
23,23,0,1,88082000,0000000000000000,00007fa0e2f7e000,2c,00007fa0e2f7e000
24,24,0,1,88082000,0000000000000000,00007fa0e2f7e000,2c,00007fa0e2f7e000
25,25,0,1,88082000,0000000000000000,00007fa0e2f7e000,2c,00007fa0e2f7e000
26,26,0,1,88082000,0000000000000000,00007fa0e2f7e000,2c,00007fa0e2f7e000
27,27,0,1,88082000,0000000000000000,00007fa0e2f7e000,2c,00007fa0e2f7e000
28,28,0,1,88082000,0000000000000000,00007fa0e2f7e000,2c,00007fa0e2f7e000
29,29,0,1,88082000,00007fa0e317f000,00007fa0e2f7e000,2c,00007fa0e2f7e000
30,30,0,1,88082000,00007fa0e2f7e000,00007fa0e2f7e000,2c,00007fa0e2f7e000
31,31,0,1,88082000,0000000000000000,00007fa0e2f7e000,2c,00007fa0e2f7e000
32,32,0,1,88082000,0000000000000000,00007fa0e2f7e000,2c,00007fa0e2f7e000
33,33,0,1,88082000,0000000000000000,00007fa0e2f7e000,2c,00007fa0e2f7e000
34,34,0,1,88082000,0000000000000000,00007fa0e2f7e000,2c,00007fa0e2f7e000
35,35,0,1,88082000,0000000000000000,00007fa0e2f7e000,2c,00007fa0e2f7e000
36,36,0,1,88082000,0000000000000000,00007fa0e2f7e000,2c,00007fa0e2f7e000
37,37,0,1,88082000,0000000000000000,00007fa0e2f7e000,2c,00007fa0e2f7e000
38,38,0,1,88082000,0000000000000000,00007fa0e2f7e000,2c,00007fa0e2f7e000
39,39,0,1,88082000,0000000000000000,00007fa0e2f7e000,2c,00007fa0e2f7e000
40,40,0,1,88082000,0000000000000000,00007fa0e2f7e000,2c,00007fa0e2f7e000
41,41,0,1,88082000,0000000000000000,00007fa0e2f7e000,2c,00007fa0e2f7e000
42,42,0,1,88082000,0000000000000000,00007fa0e2f7e000,2c,00007fa0e2f7e000
43,43,0,1,88082000,0000000000000000,00007fa0e2f7e000,2c,00007fa0e2f7e000
44,44,0,1,88082000,0000000000000000,00007fa0e2f7e000,2c,00007fa0e2f7e000
45,45,0,1,88082000,00007fa0e317f000,00007fa0e2f7e000,2c,00007fa0e2f7e000
46,46,0,1,88082000,00007fa0e2f7e000,00007fa0e2f7e000,2c,00007fa0e2f7e000
47,47,0,1,88082000,0000000000000000,00007fa0e2f7e000,2c,00007fa0e2f7e000
48,48,0,1,88082000,0000000000000000,00007fa0e2f7e000,2c,00007fa0e2f7e000
49,49,0,1,88082000,0000000000000000,00007fa0e2f7e000,2c,00007fa0e2f7e000
50,50,0,1,88082000,0000000000000000,00007fa0e2f7e000,2c,00007fa0e2f7e000
51,51,0,1,88082000,0000000000000000,00007fa0e2f7e000,2c,00007fa0e2f7e000
52,52,0,1,88082000,0000000000000000,00007fa0e2f7e000,2c,00007fa0e2f7e000
53,53,0,1,88082000,0000000000000000,00007fa0e2f7e000,2c,00007fa0e2f7e000
54,54,0,1,88082000,0000000000000000,00007fa0e2f7e000,2c,00007fa0e2f7e000
55,55,0,1,88082000,0000000000000000,00007fa0e2f7e000,2c,00007fa0e2f7e000
56,56,0,1,88082000,0000000000000000,00007fa0e2f7e000,2c,00007fa0e2f7e000
57,57,0,1,88082000,0000000000000000,00007fa0e2f7e000,2c,00007fa0e2f7e000
58,58,0,1,88082000,0000000000000000,00007fa0e2f7e000,2c,00007fa0e2f7e000
59,59,0,1,88082000,0000000000000000,00007fa0e2f7e000,2c,00007fa0e2f7e000
60,60,0,1,88082000,0000000000000000,00007fa0e2f7e000,2c,00007fa0e2f7e000
61,61,0,1,88082000,00007fa0e317f000,00007fa0e2f7e000,2c,00007fa0e2f7e000
62,62,0,1,88082000,00007fa0e2f7e000,00007fa0e2f7e000,2c,00007fa0e2f7e000
63,63,0,1,88082000,0000000000000000,00007fa0e2f7e000,2c,00007fa0e2f7e000
64,64,0,1,88082000,0000000000000000,00007fa0e2f7e000,2c,00007fa0e2f7e000
65,65,0,1,88082000,0000000000000000,00007fa0e2f7e000,2c,00007fa0e2f7e000
66,66,0,1,88082000,0000000000000000,00007fa0e2f7e000,2c,00007fa0e2f7e000
67,67,0,1,88082000,0000000000000000,00007fa0e2f7e000,2c,00007fa0e2f7e000
68,68,0,1,88082000,0000000000000000,00007fa0e2f7e000,2c,00007fa0e2f7e000
69,69,0,1,88082000,0000000000000000,00007fa0e2f7e000,2c,00007fa0e2f7e000
70,70,0,1,88082000,0000000000000000,00007fa0e2f7e000,2c,00007fa0e2f7e000
71,71,0,1,88082000,0000000000000000,00007fa0e2f7e000,2c,00007fa0e2f7e000
72,72,0,1,88082000,0000000000000000,00007fa0e2f7e000,2c,00007fa0e2f7e000
73,73,0,1,88082000,0000000000000000,00007fa0e2f7e000,2c,00007fa0e2f7e000
74,74,0,1,88082000,0000000000000000,00007fa0e2f7e000,2c,00007fa0e2f7e000
75,75,0,1,88082000,0000000000000000,00007fa0e2f7e000,2c,00007fa0e2f7e000
76,76,0,1,88082000,0000000000000000,00007fa0e2f7e000,2c,00007fa0e2f7e000
77,77,0,1,88082000,00007fa0e317f000,00007fa0e2f7e000,2c,00007fa0e2f7e000
78,78,0,1,88082000,00007fa0e2f7e000,00007fa0e2f7e000,2c,00007fa0e2f7e000
79,79,0,1,88082000,0000000000000000,00007fa0e2f7e000,2c,00007fa0e2f7e000
80,80,0,1,88082000,0000000000000000,00007fa0e2f7e000,2c,00007fa0e2f7e000
81,81,0,1,88082000,0000000000000000,00007fa0e2f7e000,2c,00007fa0e2f7e000
82,82,0,1,88082000,0000000000000000,00007fa0e2f7e000,2c,00007fa0e2f7e000
83,83,0,1,88082000,0000000000000000,00007fa0e2f7e000,2c,00007fa0e2f7e000
84,84,0,1,88082000,0000000000000000,00007fa0e2f7e000,2c,00007fa0e2f7e000
85,85,0,1,88082000,0000000000000000,00007fa0e2f7e000,2c,00007fa0e2f7e000
86,86,0,1,88082000,0000000000000000,00007fa0e2f7e000,2c,00007fa0e2f7e000
87,87,0,1,88082000,0000000000000000,00007fa0e2f7e000,2c,00007fa0e2f7e000
88,88,0,1,88082000,0000000000000000,00007fa0e2f7e000,2c,00007fa0e2f7e000
89,89,0,1,88082000,0000000000000000,00007fa0e2f7e000,2c,00007fa0e2f7e000
90,90,0,1,88082000,0000000000000000,00007fa0e2f7e000,2c,00007fa0e2f7e000
91,91,0,1,88082000,0000000000000000,00007fa0e2f7e000,2c,00007fa0e2f7e000
92,92,0,1,88082000,0000000000000000,00007fa0e2f7e000,2c,00007fa0e2f7e000
93,93,0,1,88082000,00007fa0e317f000,00007fa0e2f7e000,2c,00007fa0e2f7e000
94,94,0,1,88082000,00007fa0e2f7e000,00007fa0e2f7e000,2c,00007fa0e2f7e000
95,95,0,1,88082000,0000000000000000,00007fa0e2f7e000,2c,00007fa0e2f7e000
96,96,0,1,88082000,0000000000000000,00007fa0e2f7e000,2c,00007fa0e2f7e000
97,97,0,1,88082000,0000000000000000,00007fa0e2f7e000,2c,00007fa0e2f7e000
98,98,0,1,88082000,0000000000000000,00007fa0e2f7e000,2c,00007fa0e2f7e000
99,99,0,1,88082000,0000000000000000,00007fa0e2f7e000,2c,00007fa0e2f7e000
100,100,0,1,88082000,0000000000000000,00007fa0e2f7e000,2c,00007fa0e2f7e000
101,101,0,1,88082000,0000000000000000,00007fa0e2f7e000,2c,00007fa0e2f7e000
102,102,0,1,88082000,0000000000000000,00007fa0e2f7e000,2c,00007fa0e2f7e000
103,103,0,1,88082000,0000000000000000,00007fa0e2f7e000,2c,00007fa0e2f7e000
104,104,0,1,88082000,0000000000000000,00007fa0e2f7e000,2c,00007fa0e2f7e000
105,105,0,1,88082000,0000000000000000,00007fa0e2f7e000,2c,00007fa0e2f7e000
106,106,0,1,88082000,0000000000000000,00007fa0e2f7e000,2c,00007fa0e2f7e000
107,107,0,1,88082000,0000000000000000,00007fa0e2f7e000,2c,00007fa0e2f7e000
108,108,0,1,88082000,0000000000000000,00007fa0e2f7e000,2c,00007fa0e2f7e000
109,109,0,1,88082000,00007fa0e317f000,00007fa0e2f7e000,2c,00007fa0e2f7e000
110,110,0,1,88082000,00007fa0e2f7e000,00007fa0e2f7e000,2c,00007fa0e2f7e000
111,111,0,1,88082000,0000000000000000,00007fa0e2f7e000,2c,00007fa0e2f7e000
112,112,0,1,88082000,0000000000000000,00007fa0e2f7e000,2c,00007fa0e2f7e000
113,113,0,1,88082000,0000000000000000,00007fa0e2f7e000,2c,00007fa0e2f7e000
114,114,0,1,88082000,0000000000000000,00007fa0e2f7e000,2c,00007fa0e2f7e000
115,115,0,1,88082000,0000000000000000,00007fa0e2f7e000,2c,00007fa0e2f7e000
116,116,0,1,88082000,0000000000000000,00007fa0e2f7e000,2c,00007fa0e2f7e000
117,117,0,1,88082000,0000000000000000,00007fa0e2f7e000,2c,00007fa0e2f7e000
118,118,0,1,88082000,0000000000000000,00007fa0e2f7e000,2c,00007fa0e2f7e000
119,119,0,1,88082000,0000000000000000,00007fa0e2f7e000,2c,00007fa0e2f7e000
120,120,0,1,88082000,0000000000000000,00007fa0e2f7e000,2c,00007fa0e2f7e000
121,121,0,1,88082000,0000000000000000,00007fa0e2f7e000,2c,00007fa0e2f7e000
122,122,0,1,88082000,0000000000000000,00007fa0e2f7e000,2c,00007fa0e2f7e000
123,123,0,1,88082000,0000000000000000,00007fa0e2f7e000,2c,00007fa0e2f7e000
124,124,0,1,88082000,0000000000000000,00007fa0e2f7e000,2c,00007fa0e2f7e000
125,125,0,1,88082000,00007fa0e317f000,00007fa0e2f7e000,2c,00007fa0e2f7e000
126,126,0,1,88082000,00007fa0e2f7e000,00007fa0e2f7e000,2c,00007fa0e2f7e000
127,127,0,1,88082000,0000000000000000,00007fa0e2f7e000,2c,00007fa0e2f7e000
128,128,0,1,88082000,0000000000000000,00007fa0e2f7e000,2c,00007fa0e2f7e000
129,129,0,1,88082000,0000000000000000,00007fa0e2f7e000,2c,00007fa0e2f7e000
130,130,0,1,88082000,0000000000000000,00007fa0e2f7e000,2c,00007fa0e2f7e000
131,131,0,1,88082000,0000000000000000,00007fa0e2f7e000,2c,00007fa0e2f7e000
132,132,0,1,88082000,0000000000000000,00007fa0e2f7e000,2c,00007fa0e2f7e000
133,133,0,1,88082000,0000000000000000,00007fa0e2f7e000,2c,00007fa0e2f7e000
134,134,0,1,88082000,0000000000000000,00007fa0e2f7e000,2c,00007fa0e2f7e000
135,135,0,1,88082000,0000000000000000,00007fa0e2f7e000,2c,00007fa0e2f7e000
136,136,0,1,88082000,0000000000000000,00007fa0e2f7e000,2c,00007fa0e2f7e000
137,137,0,1,88082000,0000000000000000,00007fa0e2f7e000,2c,00007fa0e2f7e000
138,138,0,1,88082000,0000000000000000,00007fa0e2f7e000,2c,00007fa0e2f7e000
139,139,0,1,88082000,0000000000000000,00007fa0e2f7e000,2c,00007fa0e2f7e000
140,140,0,1,88082000,0000000000000000,00007fa0e2f7e000,2c,00007fa0e2f7e000
141,141,0,1,88082000,00007fa0e317f000,00007fa0e2f7e000,2c,00007fa0e2f7e000
142,142,0,1,88082000,00007fa0e2f7e000,00007fa0e2f7e000,2c,00007fa0e2f7e000
143,143,0,1,88082000,0000000000000000,00007fa0e2f7e000,2c,00007fa0e2f7e000
144,144,0,1,88082000,0000000000000000,00007fa0e2f7e000,2c,00007fa0e2f7e000
145,145,0,1,88082000,0000000000000000,00007fa0e2f7e000,2c,00007fa0e2f7e000
146,146,0,1,88082000,0000000000000000,00007fa0e2f7e000,2c,00007fa0e2f7e000
147,147,0,1,88082000,0000000000000000,00007fa0e2f7e000,2c,00007fa0e2f7e000
148,148,0,1,88082000,0000000000000000,00007fa0e2f7e000,2c,00007fa0e2f7e000
149,149,0,1,88082000,0000000000000000,00007fa0e2f7e000,2c,00007fa0e2f7e000
150,150,0,1,88082000,0000000000000000,00007fa0e2f7e000,2c,00007fa0e2f7e000
151,151,0,1,88082000,0000000000000000,00007fa0e2f7e000,2c,00007fa0e2f7e000
152,152,0,1,88082000,0000000000000000,00007fa0e2f7e000,2c,00007fa0e2f7e000
153,153,0,1,88082000,0000000000000000,00007fa0e2f7e000,2c,00007fa0e2f7e000
154,154,0,1,88082000,0000000000000000,00007fa0e2f7e000,2c,00007fa0e2f7e000
155,155,0,1,88082000,0000000000000000,00007fa0e2f7e000,2c,00007fa0e2f7e000
156,156,0,1,88082000,0000000000000000,00007fa0e2f7e000,2c,00007fa0e2f7e000
157,157,0,1,88082000,00007fa0e317f000,00007fa0e2f7e000,2c,00007fa0e2f7e000
158,158,0,1,88082000,00007fa0e2f7e000,00007fa0e2f7e000,2c,00007fa0e2f7e000
159,159,0,1,88082000,0000000000000000,00007fa0e2f7e000,2c,00007fa0e2f7e000
160,160,0,1,88082000,0000000000000000,00007fa0e2f7e000,2c,00007fa0e2f7e000
161,161,0,1,88082000,0000000000000000,00007fa0e2f7e000,2c,00007fa0e2f7e000
162,162,0,1,88082000,0000000000000000,00007fa0e2f7e000,2c,00007fa0e2f7e000
163,163,0,1,88082000,0000000000000000,00007fa0e2f7e000,2c,00007fa0e2f7e000
164,164,0,1,88082000,0000000000000000,00007fa0e2f7e000,2c,00007fa0e2f7e000
165,165,0,1,88082000,0000000000000000,00007fa0e2f7e000,2c,00007fa0e2f7e000
166,166,0,1,88082000,0000000000000000,00007fa0e2f7e000,2c,00007fa0e2f7e000
167,167,0,1,88082000,0000000000000000,00007fa0e2f7e000,2c,00007fa0e2f7e000
168,168,0,1,88082000,0000000000000000,00007fa0e2f7e000,2c,00007fa0e2f7e000
169,169,0,1,88082000,0000000000000000,00007fa0e2f7e000,2c,00007fa0e2f7e000
170,170,0,1,88082000,0000000000000000,00007fa0e2f7e000,2c,00007fa0e2f7e000
171,171,0,1,88082000,0000000000000000,00007fa0e2f7e000,2c,00007fa0e2f7e000
172,172,0,1,88082000,0000000000000000,00007fa0e2f7e000,2c,00007fa0e2f7e000
173,173,0,1,88082000,00007fa0e317f000,00007fa0e2f7e000,2c,00007fa0e2f7e000
174,174,0,1,88082000,00007fa0e2f7e000,00007fa0e2f7e000,2c,00007fa0e2f7e000
175,175,0,1,88082000,0000000000000000,00007fa0e2f7e000,2c,00007fa0e2f7e000
176,176,0,1,88082000,0000000000000000,00007fa0e2f7e000,2c,00007fa0e2f7e000
177,177,0,1,88082000,0000000000000000,00007fa0e2f7e000,2c,00007fa0e2f7e000
178,178,0,1,88082000,0000000000000000,00007fa0e2f7e000,2c,00007fa0e2f7e000
179,179,0,1,88082000,0000000000000000,00007fa0e2f7e000,2c,00007fa0e2f7e000
180,180,0,1,88082000,0000000000000000,00007fa0e2f7e000,2c,00007fa0e2f7e000
181,181,0,1,88082000,0000000000000000,00007fa0e2f7e000,2c,00007fa0e2f7e000
182,182,0,1,88082000,0000000000000000,00007fa0e2f7e000,2c,00007fa0e2f7e000
183,183,0,1,88082000,0000000000000000,00007fa0e2f7e000,2c,00007fa0e2f7e000
184,184,0,1,88082000,0000000000000000,00007fa0e2f7e000,2c,00007fa0e2f7e000
185,185,0,1,88082000,0000000000000000,00007fa0e2f7e000,2c,00007fa0e2f7e000
186,186,0,1,88082000,0000000000000000,00007fa0e2f7e000,2c,00007fa0e2f7e000
187,187,0,1,88082000,0000000000000000,00007fa0e2f7e000,2c,00007fa0e2f7e000
188,188,0,1,88082000,0000000000000000,00007fa0e2f7e000,2c,00007fa0e2f7e000
189,189,0,1,88082000,00007fa0e317f000,00007fa0e2f7e000,2c,00007fa0e2f7e000
190,190,0,1,88082000,00007fa0e2f7e000,00007fa0e2f7e000,2c,00007fa0e2f7e000
191,191,0,1,88082000,0000000000000000,00007fa0e2f7e000,2c,00007fa0e2f7e000
192,192,0,1,88082000,0000000000000000,00007fa0e2f7e000,2c,00007fa0e2f7e000
193,193,0,1,88082000,0000000000000000,00007fa0e2f7e000,2c,00007fa0e2f7e000
194,194,0,1,88082000,0000000000000000,00007fa0e2f7e000,2c,00007fa0e2f7e000
195,195,0,1,88082000,0000000000000000,00007fa0e2f7e000,2c,00007fa0e2f7e000
196,196,0,1,88082000,0000000000000000,00007fa0e2f7e000,2c,00007fa0e2f7e000
197,197,0,1,88082000,0000000000000000,00007fa0e2f7e000,2c,00007fa0e2f7e000
198,198,0,1,88082000,0000000000000000,00007fa0e2f7e000,2c,00007fa0e2f7e000
199,199,0,1,88082000,0000000000000000,00007fa0e2f7e000,2c,00007fa0e2f7e000
200,200,0,1,88082000,0000000000000000,00007fa0e2f7e000,2c,00007fa0e2f7e000
201,201,0,1,88082000,0000000000000000,00007fa0e2f7e000,2c,00007fa0e2f7e000
202,202,0,1,88082000,0000000000000000,00007fa0e2f7e000,2c,00007fa0e2f7e000
203,203,0,1,88082000,0000000000000000,00007fa0e2f7e000,2c,00007fa0e2f7e000
204,204,0,1,88082000,0000000000000000,00007fa0e2f7e000,2c,00007fa0e2f7e000
205,205,0,1,88082000,00007fa0e317f000,00007fa0e2f7e000,2c,00007fa0e2f7e000
206,206,0,1,88082000,00007fa0e2f7e000,00007fa0e2f7e000,2c,00007fa0e2f7e000
207,207,0,1,88082000,0000000000000000,00007fa0e2f7e000,2c,00007fa0e2f7e000
208,208,0,1,88082000,0000000000000000,00007fa0e2f7e000,2c,00007fa0e2f7e000
209,209,0,1,88082000,0000000000000000,00007fa0e2f7e000,2c,00007fa0e2f7e000
210,210,0,1,88082000,0000000000000000,00007fa0e2f7e000,2c,00007fa0e2f7e000
211,211,0,1,88082000,0000000000000000,00007fa0e2f7e000,2c,00007fa0e2f7e000
212,212,0,1,88082000,0000000000000000,00007fa0e2f7e000,2c,00007fa0e2f7e000
213,213,0,1,88082000,0000000000000000,00007fa0e2f7e000,2c,00007fa0e2f7e000
214,214,0,1,88082000,0000000000000000,00007fa0e2f7e000,2c,00007fa0e2f7e000
215,215,0,1,88082000,0000000000000000,00007fa0e2f7e000,2c,00007fa0e2f7e000
216,216,0,1,88082000,0000000000000000,00007fa0e2f7e000,2c,00007fa0e2f7e000
217,217,0,1,88082000,0000000000000000,00007fa0e2f7e000,2c,00007fa0e2f7e000
218,218,0,1,88082000,0000000000000000,00007fa0e2f7e000,2c,00007fa0e2f7e000
219,219,0,1,88082000,0000000000000000,00007fa0e2f7e000,2c,00007fa0e2f7e000
220,220,0,1,88082000,0000000000000000,00007fa0e2f7e000,2c,00007fa0e2f7e000
221,221,0,1,88082000,00007fa0e317f000,00007fa0e2f7e000,2c,00007fa0e2f7e000
222,222,0,1,88082000,00007fa0e2f7e000,00007fa0e2f7e000,2c,00007fa0e2f7e000
223,223,0,1,88082000,0000000000000000,00007fa0e2f7e000,2c,00007fa0e2f7e000
224,224,0,1,88082000,0000000000000000,00007fa0e2f7e000,2c,00007fa0e2f7e000
225,225,0,1,88082000,0000000000000000,00007fa0e2f7e000,2c,00007fa0e2f7e000
226,226,0,1,88082000,0000000000000000,00007fa0e2f7e000,2c,00007fa0e2f7e000
227,227,0,1,88082000,0000000000000000,00007fa0e2f7e000,2c,00007fa0e2f7e000
228,228,0,1,88082000,0000000000000000,00007fa0e2f7e000,2c,00007fa0e2f7e000
229,229,0,1,88082000,0000000000000000,00007fa0e2f7e000,2c,00007fa0e2f7e000
230,230,0,1,88082000,0000000000000000,00007fa0e2f7e000,2c,00007fa0e2f7e000
231,231,0,1,88082000,0000000000000000,00007fa0e2f7e000,2c,00007fa0e2f7e000
232,232,0,1,88082000,0000000000000000,00007fa0e2f7e000,2c,00007fa0e2f7e000
233,233,0,1,88082000,0000000000000000,00007fa0e2f7e000,2c,00007fa0e2f7e000
234,234,0,1,88082000,0000000000000000,00007fa0e2f7e000,2c,00007fa0e2f7e000
235,235,0,1,88082000,0000000000000000,00007fa0e2f7e000,2c,00007fa0e2f7e000
236,236,0,1,88082000,0000000000000000,00007fa0e2f7e000,2c,00007fa0e2f7e000
237,237,0,1,88082000,00007fa0e317f000,00007fa0e2f7e000,2c,00007fa0e2f7e000
238,238,0,1,88082000,00007fa0e2f7e000,00007fa0e2f7e000,2c,00007fa0e2f7e000
239,239,0,1,88082000,0000000000000000,00007fa0e2f7e000,2c,00007fa0e2f7e000
240,240,0,1,88082000,0000000000000000,00007fa0e2f7e000,2c,00007fa0e2f7e000
241,241,0,1,88082000,0000000000000000,00007fa0e2f7e000,2c,00007fa0e2f7e000
242,242,0,1,88082000,0000000000000000,00007fa0e2f7e000,2c,00007fa0e2f7e000
243,243,0,1,88082000,0000000000000000,00007fa0e2f7e000,2c,00007fa0e2f7e000
244,244,0,1,88082000,0000000000000000,00007fa0e2f7e000,2c,00007fa0e2f7e000
245,245,0,1,88082000,0000000000000000,00007fa0e2f7e000,2c,00007fa0e2f7e000
246,246,0,1,88082000,0000000000000000,00007fa0e2f7e000,2c,00007fa0e2f7e000
247,247,0,1,88082000,0000000000000000,00007fa0e2f7e000,2c,00007fa0e2f7e000
248,248,0,1,88082000,0000000000000000,00007fa0e2f7e000,2c,00007fa0e2f7e000
249,249,0,1,88082000,0000000000000000,00007fa0e2f7e000,2c,00007fa0e2f7e000
250,250,0,1,88082000,0000000000000000,00007fa0e2f7e000,2c,00007fa0e2f7e000
251,251,0,1,88082000,0000000000000000,00007fa0e2f7e000,2c,00007fa0e2f7e000
252,252,0,1,88082000,0000000000000000,00007fa0e2f7e000,2c,00007fa0e2f7e000
253,253,0,1,88082000,00007fa0e317f000,00007fa0e2f7e000,2c,00007fa0e2f7e000
254,254,0,1,88082000,00007fa0e2f7e000,00007fa0e2f7e000,2c,00007fa0e2f7e000
255,255,0,1,88082000,0000000000000000,00007fa0e2f7e000,2c,00007fa0e2f7e000
256,256,0,1,88082000,0000000000000000,00007fa0e2f7e000,2c,00007fa0e2f7e000
257,257,0,1,88082000,0000000000000000,00007fa0e2f7e000,2c,00007fa0e2f7e000
258,258,0,1,88082000,0000000000000000,00007fa0e2f7e000,2c,00007fa0e2f7e000
259,259,0,1,88082000,0000000000000000,00007fa0e2f7e000,2c,00007fa0e2f7e000
260,260,0,1,88082000,0000000000000000,00007fa0e2f7e000,2c,00007fa0e2f7e000
261,261,0,1,88082000,0000000000000000,00007fa0e2f7e000,2c,00007fa0e2f7e000
262,262,0,1,88082000,0000000000000000,00007fa0e2f7e000,2c,00007fa0e2f7e000
263,263,0,1,88082000,0000000000000000,00007fa0e2f7e000,2c,00007fa0e2f7e000
264,264,0,1,88082000,0000000000000000,00007fa0e2f7e000,2c,00007fa0e2f7e000
265,265,0,1,88082000,0000000000000000,00007fa0e2f7e000,2c,00007fa0e2f7e000
266,266,0,1,88082000,0000000000000000,00007fa0e2f7e000,2c,00007fa0e2f7e000
267,267,0,1,88082000,0000000000000000,00007fa0e2f7e000,2c,00007fa0e2f7e000
268,268,0,1,88082000,0000000000000000,00007fa0e2f7e000,2c,00007fa0e2f7e000
269,269,0,1,88082000,00007fa0e317f000,00007fa0e2f7e000,2c,00007fa0e2f7e000
270,270,0,1,88082000,00007fa0e2f7e000,00007fa0e2f7e000,2c,00007fa0e2f7e000
271,271,0,1,88082000,0000000000000000,00007fa0e2f7e000,2c,00007fa0e2f7e000
272,272,0,1,88082000,0000000000000000,00007fa0e2f7e000,2c,00007fa0e2f7e000
273,273,0,1,88082000,0000000000000000,00007fa0e2f7e000,2c,00007fa0e2f7e000
274,274,0,1,88082000,0000000000000000,00007fa0e2f7e000,2c,00007fa0e2f7e000
275,275,0,1,88082000,0000000000000000,00007fa0e2f7e000,2c,00007fa0e2f7e000
276,276,0,1,88082000,0000000000000000,00007fa0e2f7e000,2c,00007fa0e2f7e000
277,277,0,1,88082000,0000000000000000,00007fa0e2f7e000,2c,00007fa0e2f7e000
278,278,0,1,88082000,0000000000000000,00007fa0e2f7e000,2c,00007fa0e2f7e000
279,279,0,1,88082000,0000000000000000,00007fa0e2f7e000,2c,00007fa0e2f7e000
280,280,0,1,88082000,0000000000000000,00007fa0e2f7e000,2c,00007fa0e2f7e000
281,281,0,1,88082000,0000000000000000,00007fa0e2f7e000,2c,00007fa0e2f7e000
282,282,0,1,88082000,0000000000000000,00007fa0e2f7e000,2c,00007fa0e2f7e000
283,283,0,1,88082000,0000000000000000,00007fa0e2f7e000,2c,00007fa0e2f7e000
284,284,0,1,88082000,0000000000000000,00007fa0e2f7e000,2c,00007fa0e2f7e000
285,285,0,1,88082000,00007fa0e317f000,00007fa0e2f7e000,2c,00007fa0e2f7e000
286,286,0,1,88082000,00007fa0e2f7e000,00007fa0e2f7e000,2c,00007fa0e2f7e000
287,287,0,1,88082000,0000000000000000,00007fa0e2f7e000,2c,00007fa0e2f7e000
288,288,0,1,88082000,0000000000000000,00007fa0e2f7e000,2c,00007fa0e2f7e000
289,289,0,1,88082000,0000000000000000,00007fa0e2f7e000,2c,00007fa0e2f7e000
290,290,0,1,88082000,0000000000000000,00007fa0e2f7e000,2c,00007fa0e2f7e000
291,291,0,1,88082000,0000000000000000,00007fa0e2f7e000,2c,00007fa0e2f7e000
292,292,0,1,88082000,0000000000000000,00007fa0e2f7e000,2c,00007fa0e2f7e000
293,293,0,1,88082000,0000000000000000,00007fa0e2f7e000,2c,00007fa0e2f7e000
294,294,0,1,88082000,0000000000000000,00007fa0e2f7e000,2c,00007fa0e2f7e000
295,295,0,1,88082000,0000000000000000,00007fa0e2f7e000,2c,00007fa0e2f7e000
296,296,0,1,88082000,0000000000000000,00007fa0e2f7e000,2c,00007fa0e2f7e000
297,297,0,1,88082000,0000000000000000,00007fa0e2f7e000,2c,00007fa0e2f7e000
298,298,0,1,88082000,0000000000000000,00007fa0e2f7e000,2c,00007fa0e2f7e000
299,299,0,1,88082000,0000000000000000,00007fa0e2f7e000,2c,00007fa0e2f7e000
300,300,0,1,88082000,0000000000000000,00007fa0e2f7e000,2c,00007fa0e2f7e000
301,301,0,1,88082000,00007fa0e317f000,00007fa0e2f7e000,2c,00007fa0e2f7e000
302,302,0,1,88082000,00007fa0e2f7e000,00007fa0e2f7e000,2c,00007fa0e2f7e000
303,303,0,1,88082000,0000000000000000,00007fa0e2f7e000,2c,00007fa0e2f7e000
304,304,0,1,88082000,0000000000000000,00007fa0e2f7e000,2c,00007fa0e2f7e000
305,305,0,1,88082000,0000000000000000,00007fa0e2f7e000,2c,00007fa0e2f7e000
306,306,0,1,88082000,0000000000000000,00007fa0e2f7e000,2c,00007fa0e2f7e000
307,307,0,1,88082000,0000000000000000,00007fa0e2f7e000,2c,00007fa0e2f7e000
308,308,0,1,88082000,0000000000000000,00007fa0e2f7e000,2c,00007fa0e2f7e000
309,309,0,1,88082000,0000000000000000,00007fa0e2f7e000,2c,00007fa0e2f7e000
310,310,0,1,88082000,0000000000000000,00007fa0e2f7e000,2c,00007fa0e2f7e000
311,311,0,1,88082000,0000000000000000,00007fa0e2f7e000,2c,00007fa0e2f7e000
312,312,0,1,88082000,0000000000000000,00007fa0e2f7e000,2c,00007fa0e2f7e000
313,313,0,1,88082000,0000000000000000,00007fa0e2f7e000,2c,00007fa0e2f7e000
314,314,0,1,88082000,0000000000000000,00007fa0e2f7e000,2c,00007fa0e2f7e000
315,315,0,1,88082000,0000000000000000,00007fa0e2f7e000,2c,00007fa0e2f7e000
316,316,0,1,88082000,0000000000000000,00007fa0e2f7e000,2c,00007fa0e2f7e000
317,317,0,1,88082000,00007fa0e317f000,00007fa0e2f7e000,2c,00007fa0e2f7e000
318,318,0,1,88082000,00007fa0e2f7e000,00007fa0e2f7e000,2c,00007fa0e2f7e000
319,319,0,1,88082000,0000000000000000,00007fa0e2f7e000,2c,00007fa0e2f7e000
320,320,0,1,88082000,0000000000000000,00007fa0e2f7e000,2c,00007fa0e2f7e000
321,321,0,1,88082000,0000000000000000,00007fa0e2f7e000,2c,00007fa0e2f7e000
322,322,0,1,88082000,0000000000000000,00007fa0e2f7e000,2c,00007fa0e2f7e000
323,323,0,1,88082000,0000000000000000,00007fa0e2f7e000,2c,00007fa0e2f7e000
324,324,0,1,88082000,0000000000000000,00007fa0e2f7e000,2c,00007fa0e2f7e000
325,325,0,1,88082000,0000000000000000,00007fa0e2f7e000,2c,00007fa0e2f7e000
326,326,0,1,88082000,0000000000000000,00007fa0e2f7e000,2c,00007fa0e2f7e000
327,327,0,1,88082000,0000000000000000,00007fa0e2f7e000,2c,00007fa0e2f7e000
328,328,0,1,88082000,0000000000000000,00007fa0e2f7e000,2c,00007fa0e2f7e000
329,329,0,1,88082000,0000000000000000,00007fa0e2f7e000,2c,00007fa0e2f7e000
330,330,0,1,88082000,0000000000000000,00007fa0e2f7e000,2c,00007fa0e2f7e000
331,331,0,1,88082000,0000000000000000,00007fa0e2f7e000,2c,00007fa0e2f7e000
332,332,0,1,88082000,0000000000000000,00007fa0e2f7e000,2c,00007fa0e2f7e000
333,333,0,1,88082000,00007fa0e317f000,00007fa0e2f7e000,2c,00007fa0e2f7e000
334,334,0,1,88082000,00007fa0e2f7e000,00007fa0e2f7e000,2c,00007fa0e2f7e000
335,335,0,1,88082000,0000000000000000,00007fa0e2f7e000,2c,00007fa0e2f7e000
336,336,0,1,88082000,0000000000000000,00007fa0e2f7e000,2c,00007fa0e2f7e000
337,337,0,1,88082000,0000000000000000,00007fa0e2f7e000,2c,00007fa0e2f7e000
338,338,0,1,88082000,0000000000000000,00007fa0e2f7e000,2c,00007fa0e2f7e000
339,339,0,1,88082000,0000000000000000,00007fa0e2f7e000,2c,00007fa0e2f7e000
340,340,0,1,88082000,0000000000000000,00007fa0e2f7e000,2c,00007fa0e2f7e000
341,341,0,1,88082000,0000000000000000,00007fa0e2f7e000,2c,00007fa0e2f7e000
342,342,0,1,88082000,0000000000000000,00007fa0e2f7e000,2c,00007fa0e2f7e000
343,343,0,1,88082000,0000000000000000,00007fa0e2f7e000,2c,00007fa0e2f7e000
344,344,0,1,88082000,0000000000000000,00007fa0e2f7e000,2c,00007fa0e2f7e000
345,345,0,1,88082000,0000000000000000,00007fa0e2f7e000,2c,00007fa0e2f7e000
346,346,0,1,88082000,0000000000000000,00007fa0e2f7e000,2c,00007fa0e2f7e000
347,347,0,1,88082000,0000000000000000,00007fa0e2f7e000,2c,00007fa0e2f7e000
348,348,0,1,88082000,0000000000000000,00007fa0e2f7e000,2c,00007fa0e2f7e000
349,349,0,1,88082000,00007fa0e317f000,00007fa0e2f7e000,2c,00007fa0e2f7e000
350,350,0,1,88082000,00007fa0e2f7e000,00007fa0e2f7e000,2c,00007fa0e2f7e000
351,351,0,1,88082000,0000000000000000,00007fa0e2f7e000,2c,00007fa0e2f7e000
352,352,0,1,88082000,0000000000000000,00007fa0e2f7e000,2c,00007fa0e2f7e000
353,353,0,1,88082000,0000000000000000,00007fa0e2f7e000,2c,00007fa0e2f7e000
354,354,0,1,88082000,0000000000000000,00007fa0e2f7e000,2c,00007fa0e2f7e000
355,355,0,1,88082000,0000000000000000,00007fa0e2f7e000,2c,00007fa0e2f7e000
356,356,0,1,88082000,0000000000000000,00007fa0e2f7e000,2c,00007fa0e2f7e000
357,357,0,1,88082000,0000000000000000,00007fa0e2f7e000,2c,00007fa0e2f7e000
358,358,0,1,88082000,0000000000000000,00007fa0e2f7e000,2c,00007fa0e2f7e000
359,359,0,1,88082000,0000000000000000,00007fa0e2f7e000,2c,00007fa0e2f7e000
360,360,0,1,88082000,0000000000000000,00007fa0e2f7e000,2c,00007fa0e2f7e000
361,361,0,1,88082000,0000000000000000,00007fa0e2f7e000,2c,00007fa0e2f7e000
362,362,0,1,88082000,0000000000000000,00007fa0e2f7e000,2c,00007fa0e2f7e000
363,363,0,1,88082000,0000000000000000,00007fa0e2f7e000,2c,00007fa0e2f7e000
364,364,0,1,88082000,0000000000000000,00007fa0e2f7e000,2c,00007fa0e2f7e000
365,365,0,1,88082000,00007fa0e317f000,00007fa0e2f7e000,2c,00007fa0e2f7e000
366,366,0,1,88082000,00007fa0e2f7e000,00007fa0e2f7e000,2c,00007fa0e2f7e000
367,367,0,1,88082000,0000000000000000,00007fa0e2f7e000,2c,00007fa0e2f7e000
368,368,0,1,88082000,0000000000000000,00007fa0e2f7e000,2c,00007fa0e2f7e000
369,369,0,1,88082000,0000000000000000,00007fa0e2f7e000,2c,00007fa0e2f7e000
370,370,0,1,88082000,0000000000000000,00007fa0e2f7e000,2c,00007fa0e2f7e000
371,371,0,1,88082000,0000000000000000,00007fa0e2f7e000,2c,00007fa0e2f7e000
372,372,0,1,88082000,0000000000000000,00007fa0e2f7e000,2c,00007fa0e2f7e000
373,373,0,1,88082000,0000000000000000,00007fa0e2f7e000,2c,00007fa0e2f7e000
374,374,0,1,88082000,0000000000000000,00007fa0e2f7e000,2c,00007fa0e2f7e000
375,375,0,1,88082000,0000000000000000,00007fa0e2f7e000,2c,00007fa0e2f7e000
376,376,0,1,88082000,0000000000000000,00007fa0e2f7e000,2c,00007fa0e2f7e000
377,377,0,1,88082000,0000000000000000,00007fa0e2f7e000,2c,00007fa0e2f7e000
378,378,0,1,88082000,0000000000000000,00007fa0e2f7e000,2c,00007fa0e2f7e000
379,379,0,1,88082000,0000000000000000,00007fa0e2f7e000,2c,00007fa0e2f7e000
380,380,0,1,88082000,0000000000000000,00007fa0e2f7e000,2c,00007fa0e2f7e000
381,381,0,1,88082000,00007fa0e317f000,00007fa0e2f7e000,2c,00007fa0e2f7e000
382,382,0,1,88082000,00007fa0e2f7e000,00007fa0e2f7e000,2c,00007fa0e2f7e000
383,383,0,1,88082000,0000000000000000,00007fa0e2f7e000,2c,00007fa0e2f7e000
384,384,0,1,88082000,0000000000000000,00007fa0e2f7e000,2c,00007fa0e2f7e000
385,385,0,1,88082000,0000000000000000,00007fa0e2f7e000,2c,00007fa0e2f7e000
386,386,0,1,88082000,0000000000000000,00007fa0e2f7e000,2c,00007fa0e2f7e000
387,387,0,1,88082000,0000000000000000,00007fa0e2f7e000,2c,00007fa0e2f7e000
388,388,0,1,88082000,0000000000000000,00007fa0e2f7e000,2c,00007fa0e2f7e000
389,389,0,1,88082000,0000000000000000,00007fa0e2f7e000,2c,00007fa0e2f7e000
390,390,0,1,88082000,0000000000000000,00007fa0e2f7e000,2c,00007fa0e2f7e000
391,391,0,1,88082000,0000000000000000,00007fa0e2f7e000,2c,00007fa0e2f7e000
392,392,0,1,88082000,0000000000000000,00007fa0e2f7e000,2c,00007fa0e2f7e000
393,393,0,1,88082000,0000000000000000,00007fa0e2f7e000,2c,00007fa0e2f7e000
394,394,0,1,88082000,0000000000000000,00007fa0e2f7e000,2c,00007fa0e2f7e000
395,395,0,1,88082000,0000000000000000,00007fa0e2f7e000,2c,00007fa0e2f7e000
396,396,0,1,88082000,0000000000000000,00007fa0e2f7e000,2c,00007fa0e2f7e000
397,397,0,1,88082000,00007fa0e317f000,00007fa0e2f7e000,2c,00007fa0e2f7e000
398,398,0,1,88082000,00007fa0e2f7e000,00007fa0e2f7e000,2c,00007fa0e2f7e000
399,399,0,1,88082000,0000000000000000,00007fa0e2f7e000,2c,00007fa0e2f7e000
400,400,0,1,88082000,0000000000000000,00007fa0e2f7e000,2c,00007fa0e2f7e000
401,401,0,1,88082000,0000000000000000,00007fa0e2f7e000,2c,00007fa0e2f7e000
402,402,0,1,88082000,0000000000000000,00007fa0e2f7e000,2c,00007fa0e2f7e000
403,403,0,1,88082000,0000000000000000,00007fa0e2f7e000,2c,00007fa0e2f7e000
404,404,0,1,88082000,0000000000000000,00007fa0e2f7e000,2c,00007fa0e2f7e000
405,405,0,1,88082000,0000000000000000,00007fa0e2f7e000,2c,00007fa0e2f7e000
406,406,0,1,88082000,0000000000000000,00007fa0e2f7e000,2c,00007fa0e2f7e000
407,407,0,1,88082000,0000000000000000,00007fa0e2f7e000,2c,00007fa0e2f7e000
408,408,0,1,88082000,0000000000000000,00007fa0e2f7e000,2c,00007fa0e2f7e000
409,409,0,1,88082000,0000000000000000,00007fa0e2f7e000,2c,00007fa0e2f7e000
410,410,0,1,88082000,0000000000000000,00007fa0e2f7e000,2c,00007fa0e2f7e000
411,411,0,1,88082000,0000000000000000,00007fa0e2f7e000,2c,00007fa0e2f7e000
412,412,0,1,88082000,0000000000000000,00007fa0e2f7e000,2c,00007fa0e2f7e000
413,413,0,1,88082000,00007fa0e317f000,00007fa0e2f7e000,2c,00007fa0e2f7e000
414,414,0,1,88082000,00007fa0e2f7e000,00007fa0e2f7e000,2c,00007fa0e2f7e000
415,415,0,1,88082000,0000000000000000,00007fa0e2f7e000,2c,00007fa0e2f7e000
416,416,0,1,88082000,0000000000000000,00007fa0e2f7e000,2c,00007fa0e2f7e000
417,417,0,1,88082000,0000000000000000,00007fa0e2f7e000,2c,00007fa0e2f7e000
418,418,0,1,88082000,0000000000000000,00007fa0e2f7e000,2c,00007fa0e2f7e000
419,419,0,1,88082000,0000000000000000,00007fa0e2f7e000,2c,00007fa0e2f7e000
420,420,0,1,88082000,0000000000000000,00007fa0e2f7e000,2c,00007fa0e2f7e000
421,421,0,1,88082000,0000000000000000,00007fa0e2f7e000,2c,00007fa0e2f7e000
422,422,0,1,88082000,0000000000000000,00007fa0e2f7e000,2c,00007fa0e2f7e000
423,423,0,1,88082000,0000000000000000,00007fa0e2f7e000,2c,00007fa0e2f7e000
424,424,0,1,88082000,0000000000000000,00007fa0e2f7e000,2c,00007fa0e2f7e000
425,425,0,1,88082000,0000000000000000,00007fa0e2f7e000,2c,00007fa0e2f7e000
426,426,0,1,88082000,0000000000000000,00007fa0e2f7e000,2c,00007fa0e2f7e000
427,427,0,1,88082000,0000000000000000,00007fa0e2f7e000,2c,00007fa0e2f7e000
428,428,0,1,88082000,0000000000000000,00007fa0e2f7e000,2c,00007fa0e2f7e000
429,429,0,1,88082000,00007fa0e317f000,00007fa0e2f7e000,2c,00007fa0e2f7e000
430,430,0,1,88082000,00007fa0e2f7e000,00007fa0e2f7e000,2c,00007fa0e2f7e000
431,431,0,1,88082000,0000000000000000,00007fa0e2f7e000,2c,00007fa0e2f7e000
432,432,0,1,88082000,0000000000000000,00007fa0e2f7e000,2c,00007fa0e2f7e000
433,433,0,1,88082000,0000000000000000,00007fa0e2f7e000,2c,00007fa0e2f7e000
434,434,0,1,88082000,0000000000000000,00007fa0e2f7e000,2c,00007fa0e2f7e000
435,435,0,1,88082000,0000000000000000,00007fa0e2f7e000,2c,00007fa0e2f7e000
436,436,0,1,88082000,0000000000000000,00007fa0e2f7e000,2c,00007fa0e2f7e000
437,437,0,1,88082000,0000000000000000,00007fa0e2f7e000,2c,00007fa0e2f7e000
438,438,0,1,88082000,0000000000000000,00007fa0e2f7e000,2c,00007fa0e2f7e000
439,439,0,1,88082000,0000000000000000,00007fa0e2f7e000,2c,00007fa0e2f7e000
440,440,0,1,88082000,0000000000000000,00007fa0e2f7e000,2c,00007fa0e2f7e000
441,441,0,1,88082000,0000000000000000,00007fa0e2f7e000,2c,00007fa0e2f7e000
442,442,0,1,88082000,0000000000000000,00007fa0e2f7e000,2c,00007fa0e2f7e000
443,443,0,1,88082000,0000000000000000,00007fa0e2f7e000,2c,00007fa0e2f7e000
444,444,0,1,88082000,0000000000000000,00007fa0e2f7e000,2c,00007fa0e2f7e000
445,445,0,1,88082000,00007fa0e317f000,00007fa0e2f7e000,2c,00007fa0e2f7e000
446,446,0,1,88082000,00007fa0e2f7e000,00007fa0e2f7e000,2c,00007fa0e2f7e000
447,447,0,1,88082000,0000000000000000,00007fa0e2f7e000,2c,00007fa0e2f7e000
448,448,0,1,88082000,0000000000000000,00007fa0e2f7e000,2c,00007fa0e2f7e000
449,449,0,1,88082000,0000000000000000,00007fa0e2f7e000,2c,00007fa0e2f7e000
450,450,0,1,88082000,0000000000000000,00007fa0e2f7e000,2c,00007fa0e2f7e000
451,451,0,1,88082000,0000000000000000,00007fa0e2f7e000,2c,00007fa0e2f7e000
452,452,0,1,88082000,0000000000000000,00007fa0e2f7e000,2c,00007fa0e2f7e000
453,453,0,1,88082000,0000000000000000,00007fa0e2f7e000,2c,00007fa0e2f7e000
454,454,0,1,88082000,0000000000000000,00007fa0e2f7e000,2c,00007fa0e2f7e000
455,455,0,1,88082000,0000000000000000,00007fa0e2f7e000,2c,00007fa0e2f7e000
456,456,0,1,88082000,0000000000000000,00007fa0e2f7e000,2c,00007fa0e2f7e000
457,457,0,1,88082000,0000000000000000,00007fa0e2f7e000,2c,00007fa0e2f7e000
458,458,0,1,88082000,0000000000000000,00007fa0e2f7e000,2c,00007fa0e2f7e000
459,459,0,1,88082000,0000000000000000,00007fa0e2f7e000,2c,00007fa0e2f7e000
460,460,0,1,88082000,0000000000000000,00007fa0e2f7e000,2c,00007fa0e2f7e000
461,461,0,1,88082000,00007fa0e317f000,00007fa0e2f7e000,2c,00007fa0e2f7e000
462,462,0,1,88082000,00007fa0e2f7e000,00007fa0e2f7e000,2c,00007fa0e2f7e000
463,463,0,1,88082000,0000000000000000,00007fa0e2f7e000,2c,00007fa0e2f7e000
464,464,0,1,88082000,0000000000000000,00007fa0e2f7e000,2c,00007fa0e2f7e000
465,465,0,1,88082000,0000000000000000,00007fa0e2f7e000,2c,00007fa0e2f7e000
466,466,0,1,88082000,0000000000000000,00007fa0e2f7e000,2c,00007fa0e2f7e000
467,467,0,1,88082000,0000000000000000,00007fa0e2f7e000,2c,00007fa0e2f7e000
468,468,0,1,88082000,0000000000000000,00007fa0e2f7e000,2c,00007fa0e2f7e000
469,469,0,1,88082000,0000000000000000,00007fa0e2f7e000,2c,00007fa0e2f7e000
470,470,0,1,88082000,0000000000000000,00007fa0e2f7e000,2c,00007fa0e2f7e000
471,471,0,1,88082000,0000000000000000,00007fa0e2f7e000,2c,00007fa0e2f7e000
472,472,0,1,88082000,0000000000000000,00007fa0e2f7e000,2c,00007fa0e2f7e000
473,473,0,1,88082000,0000000000000000,00007fa0e2f7e000,2c,00007fa0e2f7e000
474,474,0,1,88082000,0000000000000000,00007fa0e2f7e000,2c,00007fa0e2f7e000
475,475,0,1,88082000,0000000000000000,00007fa0e2f7e000,2c,00007fa0e2f7e000
476,476,0,1,88082000,0000000000000000,00007fa0e2f7e000,2c,00007fa0e2f7e000
477,477,0,1,88082000,00007fa0e317f000,00007fa0e2f7e000,2c,00007fa0e2f7e000
478,478,0,1,88082000,00007fa0e2f7e000,00007fa0e2f7e000,2c,00007fa0e2f7e000
479,479,0,1,88082000,0000000000000000,00007fa0e2f7e000,2c,00007fa0e2f7e000
480,480,0,1,88082000,0000000000000000,00007fa0e2f7e000,2c,00007fa0e2f7e000
481,481,0,1,88082000,0000000000000000,00007fa0e2f7e000,2c,00007fa0e2f7e000
482,482,0,1,88082000,0000000000000000,00007fa0e2f7e000,2c,00007fa0e2f7e000
483,483,0,1,88082000,0000000000000000,00007fa0e2f7e000,2c,00007fa0e2f7e000
484,484,0,1,88082000,0000000000000000,00007fa0e2f7e000,2c,00007fa0e2f7e000
485,485,0,1,88082000,0000000000000000,00007fa0e2f7e000,2c,00007fa0e2f7e000
486,486,0,1,88082000,0000000000000000,00007fa0e2f7e000,2c,00007fa0e2f7e000
487,487,0,1,88082000,0000000000000000,00007fa0e2f7e000,2c,00007fa0e2f7e000
488,488,0,1,88082000,0000000000000000,00007fa0e2f7e000,2c,00007fa0e2f7e000
489,489,0,1,88082000,0000000000000000,00007fa0e2f7e000,2c,00007fa0e2f7e000
490,490,0,1,88082000,0000000000000000,00007fa0e2f7e000,2c,00007fa0e2f7e000
491,491,0,1,88082000,0000000000000000,00007fa0e2f7e000,2c,00007fa0e2f7e000
492,492,0,1,88082000,0000000000000000,00007fa0e2f7e000,2c,00007fa0e2f7e000
493,493,0,1,88082000,00007fa0e317f000,00007fa0e2f7e000,2c,00007fa0e2f7e000
494,494,0,1,88082000,00007fa0e2f7e000,00007fa0e2f7e000,2c,00007fa0e2f7e000
495,495,0,1,88082000,0000000000000000,00007fa0e2f7e000,2c,00007fa0e2f7e000
496,496,0,1,88082000,0000000000000000,00007fa0e2f7e000,2c,00007fa0e2f7e000
497,497,0,1,88082000,0000000000000000,00007fa0e2f7e000,2c,00007fa0e2f7e000
498,498,0,1,88082000,0000000000000000,00007fa0e2f7e000,2c,00007fa0e2f7e000
499,499,0,1,88082000,0000000000000000,00007fa0e2f7e000,2c,00007fa0e2f7e000
500,500,0,1,88082000,0000000000000000,00007fa0e2f7e000,2c,00007fa0e2f7e000
501,501,0,1,88082000,0000000000000000,00007fa0e2f7e000,2c,00007fa0e2f7e000
502,502,0,1,88082000,0000000000000000,00007fa0e2f7e000,2c,00007fa0e2f7e000
503,503,0,1,88082000,0000000000000000,00007fa0e2f7e000,2c,00007fa0e2f7e000
504,504,0,1,88082000,0000000000000000,00007fa0e2f7e000,2c,00007fa0e2f7e000
505,505,0,1,88082000,0000000000000000,00007fa0e2f7e000,2c,00007fa0e2f7e000
506,506,0,1,88082000,0000000000000000,00007fa0e2f7e000,2c,00007fa0e2f7e000
507,507,0,1,88082000,0000000000000000,00007fa0e2f7e000,2c,00007fa0e2f7e000
508,508,0,1,88082000,0000000000000000,00007fa0e2f7e000,2c,00007fa0e2f7e000
509,509,0,1,88082000,00007fa0e317f000,00007fa0e2f7e000,2c,00007fa0e2f7e000
510,510,0,1,88082000,00007fa0e2f7e000,00007fa0e2f7e000,2c,00007fa0e2f7e000
511,511,0,1,88082000,0000000000000000,00007fa0e2f7e000,2c,00007fa0e2f7e000
512,512,1,1,88082000,0000000000000000,00007fa0e2f7e000,2c,00007fa0e2f7e000
513,513,0,1,88082000,0000000000000000,00007fa0e2f7e000,2c,00007fa0e2f7e000
514,514,0,1,88082000,0000000000000000,00007fa0e2f7e000,2c,00007fa0e2f7e000
515,515,0,1,88082000,0000000000000000,00007fa0e2f7e000,2c,00007fa0e2f7e000
516,516,0,1,88082000,0000000000000000,00007fa0e2f7e000,2c,00007fa0e2f7e000
517,517,0,1,88082000,0000000000000000,00007fa0e2f7e000,2c,00007fa0e2f7e000
518,518,0,1,88082000,0000000000000000,00007fa0e2f7e000,2c,00007fa0e2f7e000
519,519,0,1,88082000,0000000000000000,00007fa0e2f7e000,2c,00007fa0e2f7e000
520,520,0,1,88082000,0000000000000000,00007fa0e2f7e000,2c,00007fa0e2f7e000
521,521,0,1,88082000,0000000000000000,00007fa0e2f7e000,2c,00007fa0e2f7e000
522,522,0,1,88082000,0000000000000000,00007fa0e2f7e000,2c,00007fa0e2f7e000
523,523,0,1,88082000,0000000000000000,00007fa0e2f7e000,2c,00007fa0e2f7e000
524,524,0,1,88082000,0000000000000000,00007fa0e2f7e000,2c,00007fa0e2f7e000
525,525,0,1,88082000,00007fa0e317f000,00007fa0e2f7e000,2c,00007fa0e2f7e000
526,526,0,1,88082000,00007fa0e2f7e000,00007fa0e2f7e000,2c,00007fa0e2f7e000
527,527,0,1,88082000,0000000000000000,00007fa0e2f7e000,2c,00007fa0e2f7e000
528,528,0,1,88082000,0000000000000000,00007fa0e2f7e000,2c,00007fa0e2f7e000
529,529,0,1,88082000,0000000000000000,00007fa0e2f7e000,2c,00007fa0e2f7e000
530,530,0,1,88082000,0000000000000000,00007fa0e2f7e000,2c,00007fa0e2f7e000
531,531,0,1,88082000,0000000000000000,00007fa0e2f7e000,2c,00007fa0e2f7e000
532,532,0,1,88082000,0000000000000000,00007fa0e2f7e000,2c,00007fa0e2f7e000
533,533,0,1,88082000,0000000000000000,00007fa0e2f7e000,2c,00007fa0e2f7e000
534,534,0,1,88082000,0000000000000000,00007fa0e2f7e000,2c,00007fa0e2f7e000
535,535,0,1,88082000,0000000000000000,00007fa0e2f7e000,2c,00007fa0e2f7e000
536,536,0,1,88082000,0000000000000000,00007fa0e2f7e000,2c,00007fa0e2f7e000
537,537,0,1,88082000,0000000000000000,00007fa0e2f7e000,2c,00007fa0e2f7e000
538,538,0,1,88082000,0000000000000000,00007fa0e2f7e000,2c,00007fa0e2f7e000
539,539,0,1,88082000,0000000000000000,00007fa0e2f7e000,2c,00007fa0e2f7e000
540,540,0,1,88082000,0000000000000000,00007fa0e2f7e000,2c,00007fa0e2f7e000
541,541,0,1,88082000,00007fa0e317f000,00007fa0e2f7e000,2c,00007fa0e2f7e000
542,542,0,1,88082000,00007fa0e2f7e000,00007fa0e2f7e000,2c,00007fa0e2f7e000
543,543,0,1,88082000,0000000000000000,00007fa0e2f7e000,2c,00007fa0e2f7e000
544,544,0,1,88082000,0000000000000000,00007fa0e2f7e000,2c,00007fa0e2f7e000
545,545,0,1,88082000,0000000000000000,00007fa0e2f7e000,2c,00007fa0e2f7e000
546,546,0,1,88082000,0000000000000000,00007fa0e2f7e000,2c,00007fa0e2f7e000
547,547,0,1,88082000,0000000000000000,00007fa0e2f7e000,2c,00007fa0e2f7e000
548,548,0,1,88082000,0000000000000000,00007fa0e2f7e000,2c,00007fa0e2f7e000
549,549,0,1,88082000,0000000000000000,00007fa0e2f7e000,2c,00007fa0e2f7e000
550,550,0,1,88082000,0000000000000000,00007fa0e2f7e000,2c,00007fa0e2f7e000
551,551,0,1,88082000,0000000000000000,00007fa0e2f7e000,2c,00007fa0e2f7e000
552,552,0,1,88082000,0000000000000000,00007fa0e2f7e000,2c,00007fa0e2f7e000
553,553,0,1,88082000,0000000000000000,00007fa0e2f7e000,2c,00007fa0e2f7e000
554,554,0,1,88082000,0000000000000000,00007fa0e2f7e000,2c,00007fa0e2f7e000
555,555,0,1,88082000,0000000000000000,00007fa0e2f7e000,2c,00007fa0e2f7e000
556,556,0,1,88082000,0000000000000000,00007fa0e2f7e000,2c,00007fa0e2f7e000
557,557,0,1,88082000,00007fa0e317f000,00007fa0e2f7e000,2c,00007fa0e2f7e000
558,558,0,1,88082000,00007fa0e2f7e000,00007fa0e2f7e000,2c,00007fa0e2f7e000
559,559,0,1,88082000,0000000000000000,00007fa0e2f7e000,2c,00007fa0e2f7e000
560,560,0,1,88082000,0000000000000000,00007fa0e2f7e000,2c,00007fa0e2f7e000
561,561,0,1,88082000,0000000000000000,00007fa0e2f7e000,2c,00007fa0e2f7e000
562,562,0,1,88082000,0000000000000000,00007fa0e2f7e000,2c,00007fa0e2f7e000
563,563,0,1,88082000,0000000000000000,00007fa0e2f7e000,2c,00007fa0e2f7e000
564,564,0,1,88082000,0000000000000000,00007fa0e2f7e000,2c,00007fa0e2f7e000
565,565,0,1,88082000,0000000000000000,00007fa0e2f7e000,2c,00007fa0e2f7e000
566,566,0,1,88082000,0000000000000000,00007fa0e2f7e000,2c,00007fa0e2f7e000
567,567,0,1,88082000,0000000000000000,00007fa0e2f7e000,2c,00007fa0e2f7e000
568,568,0,1,88082000,0000000000000000,00007fa0e2f7e000,2c,00007fa0e2f7e000
569,569,0,1,88082000,0000000000000000,00007fa0e2f7e000,2c,00007fa0e2f7e000
570,570,0,1,88082000,0000000000000000,00007fa0e2f7e000,2c,00007fa0e2f7e000
571,571,0,1,88082000,0000000000000000,00007fa0e2f7e000,2c,00007fa0e2f7e000
572,572,0,1,88082000,0000000000000000,00007fa0e2f7e000,2c,00007fa0e2f7e000
573,573,0,1,88082000,00007fa0e317f000,00007fa0e2f7e000,2c,00007fa0e2f7e000
574,574,0,1,88082000,00007fa0e2f7e000,00007fa0e2f7e000,2c,00007fa0e2f7e000
575,575,0,1,88082000,0000000000000000,00007fa0e2f7e000,2c,00007fa0e2f7e000
576,576,0,1,88082000,0000000000000000,00007fa0e2f7e000,2c,00007fa0e2f7e000
577,577,0,1,88082000,0000000000000000,00007fa0e2f7e000,2c,00007fa0e2f7e000
578,578,0,1,88082000,0000000000000000,00007fa0e2f7e000,2c,00007fa0e2f7e000
579,579,0,1,88082000,0000000000000000,00007fa0e2f7e000,2c,00007fa0e2f7e000
580,580,0,1,88082000,0000000000000000,00007fa0e2f7e000,2c,00007fa0e2f7e000
581,581,0,1,88082000,0000000000000000,00007fa0e2f7e000,2c,00007fa0e2f7e000
582,582,0,1,88082000,0000000000000000,00007fa0e2f7e000,2c,00007fa0e2f7e000
583,583,0,1,88082000,0000000000000000,00007fa0e2f7e000,2c,00007fa0e2f7e000
584,584,0,1,88082000,0000000000000000,00007fa0e2f7e000,2c,00007fa0e2f7e000
585,585,0,1,88082000,0000000000000000,00007fa0e2f7e000,2c,00007fa0e2f7e000
586,586,0,1,88082000,0000000000000000,00007fa0e2f7e000,2c,00007fa0e2f7e000
587,587,0,1,88082000,0000000000000000,00007fa0e2f7e000,2c,00007fa0e2f7e000
588,588,0,1,88082000,0000000000000000,00007fa0e2f7e000,2c,00007fa0e2f7e000
589,589,0,1,88082000,00007fa0e317f000,00007fa0e2f7e000,2c,00007fa0e2f7e000
590,590,0,1,88082000,00007fa0e2f7e000,00007fa0e2f7e000,2c,00007fa0e2f7e000
591,591,0,1,88082000,0000000000000000,00007fa0e2f7e000,2c,00007fa0e2f7e000
592,592,0,1,88082000,0000000000000000,00007fa0e2f7e000,2c,00007fa0e2f7e000
593,593,0,1,88082000,0000000000000000,00007fa0e2f7e000,2c,00007fa0e2f7e000
594,594,0,1,88082000,0000000000000000,00007fa0e2f7e000,2c,00007fa0e2f7e000
595,595,0,1,88082000,0000000000000000,00007fa0e2f7e000,2c,00007fa0e2f7e000
596,596,0,1,88082000,0000000000000000,00007fa0e2f7e000,2c,00007fa0e2f7e000
597,597,0,1,88082000,0000000000000000,00007fa0e2f7e000,2c,00007fa0e2f7e000
598,598,0,1,88082000,0000000000000000,00007fa0e2f7e000,2c,00007fa0e2f7e000
599,599,0,1,88082000,0000000000000000,00007fa0e2f7e000,2c,00007fa0e2f7e000
600,600,0,1,88082000,0000000000000000,00007fa0e2f7e000,2c,00007fa0e2f7e000
601,601,0,1,88082000,0000000000000000,00007fa0e2f7e000,2c,00007fa0e2f7e000
602,602,0,1,88082000,0000000000000000,00007fa0e2f7e000,2c,00007fa0e2f7e000
603,603,0,1,88082000,0000000000000000,00007fa0e2f7e000,2c,00007fa0e2f7e000
604,604,0,1,88082000,0000000000000000,00007fa0e2f7e000,2c,00007fa0e2f7e000
605,605,0,1,88082000,00007fa0e317f000,00007fa0e2f7e000,2c,00007fa0e2f7e000
606,606,0,1,88082000,00007fa0e2f7e000,00007fa0e2f7e000,2c,00007fa0e2f7e000
607,607,0,1,88082000,0000000000000000,00007fa0e2f7e000,2c,00007fa0e2f7e000
608,608,0,1,88082000,0000000000000000,00007fa0e2f7e000,2c,00007fa0e2f7e000
609,609,0,1,88082000,0000000000000000,00007fa0e2f7e000,2c,00007fa0e2f7e000
610,610,0,1,88082000,0000000000000000,00007fa0e2f7e000,2c,00007fa0e2f7e000
611,611,0,1,88082000,0000000000000000,00007fa0e2f7e000,2c,00007fa0e2f7e000
612,612,0,1,88082000,0000000000000000,00007fa0e2f7e000,2c,00007fa0e2f7e000
613,613,0,1,88082000,0000000000000000,00007fa0e2f7e000,2c,00007fa0e2f7e000
614,614,0,1,88082000,0000000000000000,00007fa0e2f7e000,2c,00007fa0e2f7e000
615,615,0,1,88082000,0000000000000000,00007fa0e2f7e000,2c,00007fa0e2f7e000
616,616,0,1,88082000,0000000000000000,00007fa0e2f7e000,2c,00007fa0e2f7e000
617,617,0,1,88082000,0000000000000000,00007fa0e2f7e000,2c,00007fa0e2f7e000
618,618,0,1,88082000,0000000000000000,00007fa0e2f7e000,2c,00007fa0e2f7e000
619,619,0,1,88082000,0000000000000000,00007fa0e2f7e000,2c,00007fa0e2f7e000
620,620,0,1,88082000,0000000000000000,00007fa0e2f7e000,2c,00007fa0e2f7e000
621,621,0,1,88082000,00007fa0e317f000,00007fa0e2f7e000,2c,00007fa0e2f7e000
622,622,0,1,88082000,00007fa0e2f7e000,00007fa0e2f7e000,2c,00007fa0e2f7e000
623,623,0,1,88082000,0000000000000000,00007fa0e2f7e000,2c,00007fa0e2f7e000
624,624,0,1,88082000,0000000000000000,00007fa0e2f7e000,2c,00007fa0e2f7e000
625,625,0,1,88082000,0000000000000000,00007fa0e2f7e000,2c,00007fa0e2f7e000
626,626,0,1,88082000,0000000000000000,00007fa0e2f7e000,2c,00007fa0e2f7e000
627,627,0,1,88082000,0000000000000000,00007fa0e2f7e000,2c,00007fa0e2f7e000
628,628,0,1,88082000,0000000000000000,00007fa0e2f7e000,2c,00007fa0e2f7e000
629,629,0,1,88082000,0000000000000000,00007fa0e2f7e000,2c,00007fa0e2f7e000
630,630,0,1,88082000,0000000000000000,00007fa0e2f7e000,2c,00007fa0e2f7e000
631,631,0,1,88082000,0000000000000000,00007fa0e2f7e000,2c,00007fa0e2f7e000
632,632,0,1,88082000,0000000000000000,00007fa0e2f7e000,2c,00007fa0e2f7e000
633,633,0,1,88082000,0000000000000000,00007fa0e2f7e000,2c,00007fa0e2f7e000
634,634,0,1,88082000,0000000000000000,00007fa0e2f7e000,2c,00007fa0e2f7e000
635,635,0,1,88082000,0000000000000000,00007fa0e2f7e000,2c,00007fa0e2f7e000
636,636,0,1,88082000,0000000000000000,00007fa0e2f7e000,2c,00007fa0e2f7e000
637,637,0,1,88082000,00007fa0e317f000,00007fa0e2f7e000,2c,00007fa0e2f7e000
638,638,0,1,88082000,00007fa0e2f7e000,00007fa0e2f7e000,2c,00007fa0e2f7e000
639,639,0,1,88082000,0000000000000000,00007fa0e2f7e000,2c,00007fa0e2f7e000
640,640,0,1,88082000,0000000000000000,00007fa0e2f7e000,2c,00007fa0e2f7e000
641,641,0,1,88082000,0000000000000000,00007fa0e2f7e000,2c,00007fa0e2f7e000
642,642,0,1,88082000,0000000000000000,00007fa0e2f7e000,2c,00007fa0e2f7e000
643,643,0,1,88082000,0000000000000000,00007fa0e2f7e000,2c,00007fa0e2f7e000
644,644,0,1,88082000,0000000000000000,00007fa0e2f7e000,2c,00007fa0e2f7e000
645,645,0,1,88082000,0000000000000000,00007fa0e2f7e000,2c,00007fa0e2f7e000
646,646,0,1,88082000,0000000000000000,00007fa0e2f7e000,2c,00007fa0e2f7e000
647,647,0,1,88082000,0000000000000000,00007fa0e2f7e000,2c,00007fa0e2f7e000
648,648,0,1,88082000,0000000000000000,00007fa0e2f7e000,2c,00007fa0e2f7e000
649,649,0,1,88082000,0000000000000000,00007fa0e2f7e000,2c,00007fa0e2f7e000
650,650,0,1,88082000,0000000000000000,00007fa0e2f7e000,2c,00007fa0e2f7e000
651,651,0,1,88082000,0000000000000000,00007fa0e2f7e000,2c,00007fa0e2f7e000
652,652,0,1,88082000,0000000000000000,00007fa0e2f7e000,2c,00007fa0e2f7e000
653,653,0,1,88082000,00007fa0e317f000,00007fa0e2f7e000,2c,00007fa0e2f7e000
654,654,0,1,88082000,00007fa0e2f7e000,00007fa0e2f7e000,2c,00007fa0e2f7e000
655,655,0,1,88082000,0000000000000000,00007fa0e2f7e000,2c,00007fa0e2f7e000
656,656,0,1,88082000,0000000000000000,00007fa0e2f7e000,2c,00007fa0e2f7e000
657,657,0,1,88082000,0000000000000000,00007fa0e2f7e000,2c,00007fa0e2f7e000
658,658,0,1,88082000,0000000000000000,00007fa0e2f7e000,2c,00007fa0e2f7e000
659,659,0,1,88082000,0000000000000000,00007fa0e2f7e000,2c,00007fa0e2f7e000
660,660,0,1,88082000,0000000000000000,00007fa0e2f7e000,2c,00007fa0e2f7e000
661,661,0,1,88082000,0000000000000000,00007fa0e2f7e000,2c,00007fa0e2f7e000
662,662,0,1,88082000,0000000000000000,00007fa0e2f7e000,2c,00007fa0e2f7e000
663,663,0,1,88082000,0000000000000000,00007fa0e2f7e000,2c,00007fa0e2f7e000
664,664,0,1,88082000,0000000000000000,00007fa0e2f7e000,2c,00007fa0e2f7e000
665,665,0,1,88082000,0000000000000000,00007fa0e2f7e000,2c,00007fa0e2f7e000
666,666,0,1,88082000,0000000000000000,00007fa0e2f7e000,2c,00007fa0e2f7e000
667,667,0,1,88082000,0000000000000000,00007fa0e2f7e000,2c,00007fa0e2f7e000
668,668,0,1,88082000,0000000000000000,00007fa0e2f7e000,2c,00007fa0e2f7e000
669,669,0,1,88082000,00007fa0e317f000,00007fa0e2f7e000,2c,00007fa0e2f7e000
670,670,0,1,88082000,00007fa0e2f7e000,00007fa0e2f7e000,2c,00007fa0e2f7e000
671,671,0,1,88082000,0000000000000000,00007fa0e2f7e000,2c,00007fa0e2f7e000
672,672,0,1,88082000,0000000000000000,00007fa0e2f7e000,2c,00007fa0e2f7e000
673,673,0,1,88082000,0000000000000000,00007fa0e2f7e000,2c,00007fa0e2f7e000
674,674,0,1,88082000,0000000000000000,00007fa0e2f7e000,2c,00007fa0e2f7e000
675,675,0,1,88082000,0000000000000000,00007fa0e2f7e000,2c,00007fa0e2f7e000
676,676,0,1,88082000,0000000000000000,00007fa0e2f7e000,2c,00007fa0e2f7e000
677,677,0,1,88082000,0000000000000000,00007fa0e2f7e000,2c,00007fa0e2f7e000
678,678,0,1,88082000,0000000000000000,00007fa0e2f7e000,2c,00007fa0e2f7e000
679,679,0,1,88082000,0000000000000000,00007fa0e2f7e000,2c,00007fa0e2f7e000
680,680,0,1,88082000,0000000000000000,00007fa0e2f7e000,2c,00007fa0e2f7e000
681,681,0,1,88082000,0000000000000000,00007fa0e2f7e000,2c,00007fa0e2f7e000
682,682,0,1,88082000,0000000000000000,00007fa0e2f7e000,2c,00007fa0e2f7e000
683,683,0,1,88082000,0000000000000000,00007fa0e2f7e000,2c,00007fa0e2f7e000
684,684,0,1,88082000,0000000000000000,00007fa0e2f7e000,2c,00007fa0e2f7e000
685,685,0,1,88082000,00007fa0e317f000,00007fa0e2f7e000,2c,00007fa0e2f7e000
686,686,0,1,88082000,00007fa0e2f7e000,00007fa0e2f7e000,2c,00007fa0e2f7e000
687,687,0,1,88082000,0000000000000000,00007fa0e2f7e000,2c,00007fa0e2f7e000
688,688,0,1,88082000,0000000000000000,00007fa0e2f7e000,2c,00007fa0e2f7e000
689,689,0,1,88082000,0000000000000000,00007fa0e2f7e000,2c,00007fa0e2f7e000
690,690,0,1,88082000,0000000000000000,00007fa0e2f7e000,2c,00007fa0e2f7e000
691,691,0,1,88082000,0000000000000000,00007fa0e2f7e000,2c,00007fa0e2f7e000
692,692,0,1,88082000,0000000000000000,00007fa0e2f7e000,2c,00007fa0e2f7e000
693,693,0,1,88082000,0000000000000000,00007fa0e2f7e000,2c,00007fa0e2f7e000
694,694,0,1,88082000,0000000000000000,00007fa0e2f7e000,2c,00007fa0e2f7e000
695,695,0,1,88082000,0000000000000000,00007fa0e2f7e000,2c,00007fa0e2f7e000
696,696,0,1,88082000,0000000000000000,00007fa0e2f7e000,2c,00007fa0e2f7e000
697,697,0,1,88082000,0000000000000000,00007fa0e2f7e000,2c,00007fa0e2f7e000
698,698,0,1,88082000,0000000000000000,00007fa0e2f7e000,2c,00007fa0e2f7e000
699,699,0,1,88082000,0000000000000000,00007fa0e2f7e000,2c,00007fa0e2f7e000
700,700,0,1,88082000,0000000000000000,00007fa0e2f7e000,2c,00007fa0e2f7e000
701,701,0,1,88082000,00007fa0e317f000,00007fa0e2f7e000,2c,00007fa0e2f7e000
702,702,0,1,88082000,00007fa0e2f7e000,00007fa0e2f7e000,2c,00007fa0e2f7e000
703,703,0,1,88082000,0000000000000000,00007fa0e2f7e000,2c,00007fa0e2f7e000
704,704,0,1,88082000,0000000000000000,00007fa0e2f7e000,2c,00007fa0e2f7e000
705,705,0,1,88082000,0000000000000000,00007fa0e2f7e000,2c,00007fa0e2f7e000
706,706,0,1,88082000,0000000000000000,00007fa0e2f7e000,2c,00007fa0e2f7e000
707,707,0,1,88082000,0000000000000000,00007fa0e2f7e000,2c,00007fa0e2f7e000
708,708,0,1,88082000,0000000000000000,00007fa0e2f7e000,2c,00007fa0e2f7e000
709,709,0,1,88082000,0000000000000000,00007fa0e2f7e000,2c,00007fa0e2f7e000
710,710,0,1,88082000,0000000000000000,00007fa0e2f7e000,2c,00007fa0e2f7e000
711,711,0,1,88082000,0000000000000000,00007fa0e2f7e000,2c,00007fa0e2f7e000
712,712,0,1,88082000,0000000000000000,00007fa0e2f7e000,2c,00007fa0e2f7e000
713,713,0,1,88082000,0000000000000000,00007fa0e2f7e000,2c,00007fa0e2f7e000
714,714,0,1,88082000,0000000000000000,00007fa0e2f7e000,2c,00007fa0e2f7e000
715,715,0,1,88082000,0000000000000000,00007fa0e2f7e000,2c,00007fa0e2f7e000
716,716,0,1,88082000,0000000000000000,00007fa0e2f7e000,2c,00007fa0e2f7e000
717,717,0,1,88082000,00007fa0e317f000,00007fa0e2f7e000,2c,00007fa0e2f7e000
718,718,0,1,88082000,00007fa0e2f7e000,00007fa0e2f7e000,2c,00007fa0e2f7e000
719,719,0,1,88082000,0000000000000000,00007fa0e2f7e000,2c,00007fa0e2f7e000
720,720,0,1,88082000,0000000000000000,00007fa0e2f7e000,2c,00007fa0e2f7e000
721,721,0,1,88082000,0000000000000000,00007fa0e2f7e000,2c,00007fa0e2f7e000
722,722,0,1,88082000,0000000000000000,00007fa0e2f7e000,2c,00007fa0e2f7e000
723,723,0,1,88082000,0000000000000000,00007fa0e2f7e000,2c,00007fa0e2f7e000
724,724,0,1,88082000,0000000000000000,00007fa0e2f7e000,2c,00007fa0e2f7e000
725,725,0,1,88082000,0000000000000000,00007fa0e2f7e000,2c,00007fa0e2f7e000
726,726,0,1,88082000,0000000000000000,00007fa0e2f7e000,2c,00007fa0e2f7e000
727,727,0,1,88082000,0000000000000000,00007fa0e2f7e000,2c,00007fa0e2f7e000
728,728,0,1,88082000,0000000000000000,00007fa0e2f7e000,2c,00007fa0e2f7e000
729,729,0,1,88082000,0000000000000000,00007fa0e2f7e000,2c,00007fa0e2f7e000
730,730,0,1,88082000,0000000000000000,00007fa0e2f7e000,2c,00007fa0e2f7e000
731,731,0,1,88082000,0000000000000000,00007fa0e2f7e000,2c,00007fa0e2f7e000
732,732,0,1,88082000,0000000000000000,00007fa0e2f7e000,2c,00007fa0e2f7e000
733,733,0,1,88082000,00007fa0e317f000,00007fa0e2f7e000,2c,00007fa0e2f7e000
734,734,0,1,88082000,00007fa0e2f7e000,00007fa0e2f7e000,2c,00007fa0e2f7e000
735,735,0,1,88082000,0000000000000000,00007fa0e2f7e000,2c,00007fa0e2f7e000
736,736,0,1,88082000,0000000000000000,00007fa0e2f7e000,2c,00007fa0e2f7e000
737,737,0,1,88082000,0000000000000000,00007fa0e2f7e000,2c,00007fa0e2f7e000
738,738,0,1,88082000,0000000000000000,00007fa0e2f7e000,2c,00007fa0e2f7e000
739,739,0,1,88082000,0000000000000000,00007fa0e2f7e000,2c,00007fa0e2f7e000
740,740,0,1,88082000,0000000000000000,00007fa0e2f7e000,2c,00007fa0e2f7e000
741,741,0,1,88082000,0000000000000000,00007fa0e2f7e000,2c,00007fa0e2f7e000
742,742,0,1,88082000,0000000000000000,00007fa0e2f7e000,2c,00007fa0e2f7e000
743,743,0,1,88082000,0000000000000000,00007fa0e2f7e000,2c,00007fa0e2f7e000
744,744,0,1,88082000,0000000000000000,00007fa0e2f7e000,2c,00007fa0e2f7e000
745,745,0,1,88082000,0000000000000000,00007fa0e2f7e000,2c,00007fa0e2f7e000
746,746,0,1,88082000,0000000000000000,00007fa0e2f7e000,2c,00007fa0e2f7e000
747,747,0,1,88082000,0000000000000000,00007fa0e2f7e000,2c,00007fa0e2f7e000
748,748,0,1,88082000,0000000000000000,00007fa0e2f7e000,2c,00007fa0e2f7e000
749,749,0,1,88082000,00007fa0e317f000,00007fa0e2f7e000,2c,00007fa0e2f7e000
750,750,0,1,88082000,00007fa0e2f7e000,00007fa0e2f7e000,2c,00007fa0e2f7e000
751,751,0,1,88082000,0000000000000000,00007fa0e2f7e000,2c,00007fa0e2f7e000
752,752,0,1,88082000,0000000000000000,00007fa0e2f7e000,2c,00007fa0e2f7e000
753,753,0,1,88082000,0000000000000000,00007fa0e2f7e000,2c,00007fa0e2f7e000
754,754,0,1,88082000,0000000000000000,00007fa0e2f7e000,2c,00007fa0e2f7e000
755,755,0,1,88082000,0000000000000000,00007fa0e2f7e000,2c,00007fa0e2f7e000
756,756,0,1,88082000,0000000000000000,00007fa0e2f7e000,2c,00007fa0e2f7e000
757,757,0,1,88082000,0000000000000000,00007fa0e2f7e000,2c,00007fa0e2f7e000
758,758,0,1,88082000,0000000000000000,00007fa0e2f7e000,2c,00007fa0e2f7e000
759,759,0,1,88082000,0000000000000000,00007fa0e2f7e000,2c,00007fa0e2f7e000
760,760,0,1,88082000,0000000000000000,00007fa0e2f7e000,2c,00007fa0e2f7e000
761,761,0,1,88082000,0000000000000000,00007fa0e2f7e000,2c,00007fa0e2f7e000
762,762,0,1,88082000,0000000000000000,00007fa0e2f7e000,2c,00007fa0e2f7e000
763,763,0,1,88082000,0000000000000000,00007fa0e2f7e000,2c,00007fa0e2f7e000
764,764,0,1,88082000,0000000000000000,00007fa0e2f7e000,2c,00007fa0e2f7e000
765,765,0,1,88082000,00007fa0e317f000,00007fa0e2f7e000,2c,00007fa0e2f7e000
766,766,0,1,88082000,00007fa0e2f7e000,00007fa0e2f7e000,2c,00007fa0e2f7e000
767,767,0,1,88082000,0000000000000000,00007fa0e2f7e000,2c,00007fa0e2f7e000
768,768,0,1,88082000,0000000000000000,00007fa0e2f7e000,2c,00007fa0e2f7e000
769,769,0,1,88082000,0000000000000000,00007fa0e2f7e000,2c,00007fa0e2f7e000
770,770,0,1,88082000,0000000000000000,00007fa0e2f7e000,2c,00007fa0e2f7e000
771,771,0,1,88082000,0000000000000000,00007fa0e2f7e000,2c,00007fa0e2f7e000
772,772,0,1,88082000,0000000000000000,00007fa0e2f7e000,2c,00007fa0e2f7e000
773,773,0,1,88082000,0000000000000000,00007fa0e2f7e000,2c,00007fa0e2f7e000
774,774,0,1,88082000,0000000000000000,00007fa0e2f7e000,2c,00007fa0e2f7e000
775,775,0,1,88082000,0000000000000000,00007fa0e2f7e000,2c,00007fa0e2f7e000
776,776,0,1,88082000,0000000000000000,00007fa0e2f7e000,2c,00007fa0e2f7e000
777,777,0,1,88082000,0000000000000000,00007fa0e2f7e000,2c,00007fa0e2f7e000
778,778,0,1,88082000,0000000000000000,00007fa0e2f7e000,2c,00007fa0e2f7e000
779,779,0,1,88082000,0000000000000000,00007fa0e2f7e000,2c,00007fa0e2f7e000
780,780,0,1,88082000,0000000000000000,00007fa0e2f7e000,2c,00007fa0e2f7e000
781,781,0,1,88082000,00007fa0e317f000,00007fa0e2f7e000,2c,00007fa0e2f7e000
782,782,0,1,88082000,00007fa0e2f7e000,00007fa0e2f7e000,2c,00007fa0e2f7e000
783,783,0,1,88082000,0000000000000000,00007fa0e2f7e000,2c,00007fa0e2f7e000
784,784,0,1,88082000,0000000000000000,00007fa0e2f7e000,2c,00007fa0e2f7e000
785,785,0,1,88082000,0000000000000000,00007fa0e2f7e000,2c,00007fa0e2f7e000
786,786,0,1,88082000,0000000000000000,00007fa0e2f7e000,2c,00007fa0e2f7e000
787,787,0,1,88082000,0000000000000000,00007fa0e2f7e000,2c,00007fa0e2f7e000
788,788,0,1,88082000,0000000000000000,00007fa0e2f7e000,2c,00007fa0e2f7e000
789,789,0,1,88082000,0000000000000000,00007fa0e2f7e000,2c,00007fa0e2f7e000
790,790,0,1,88082000,0000000000000000,00007fa0e2f7e000,2c,00007fa0e2f7e000
791,791,0,1,88082000,0000000000000000,00007fa0e2f7e000,2c,00007fa0e2f7e000
792,792,0,1,88082000,0000000000000000,00007fa0e2f7e000,2c,00007fa0e2f7e000
793,793,0,1,88082000,0000000000000000,00007fa0e2f7e000,2c,00007fa0e2f7e000
794,794,0,1,88082000,0000000000000000,00007fa0e2f7e000,2c,00007fa0e2f7e000
795,795,0,1,88082000,0000000000000000,00007fa0e2f7e000,2c,00007fa0e2f7e000
796,796,0,1,88082000,0000000000000000,00007fa0e2f7e000,2c,00007fa0e2f7e000
797,797,0,1,88082000,00007fa0e317f000,00007fa0e2f7e000,2c,00007fa0e2f7e000
798,798,0,1,88082000,00007fa0e2f7e000,00007fa0e2f7e000,2c,00007fa0e2f7e000
799,799,0,1,88082000,0000000000000000,00007fa0e2f7e000,2c,00007fa0e2f7e000
800,800,0,1,88082000,0000000000000000,00007fa0e2f7e000,2c,00007fa0e2f7e000
801,801,0,1,88082000,0000000000000000,00007fa0e2f7e000,2c,00007fa0e2f7e000
802,802,0,1,88082000,0000000000000000,00007fa0e2f7e000,2c,00007fa0e2f7e000
803,803,0,1,88082000,0000000000000000,00007fa0e2f7e000,2c,00007fa0e2f7e000
804,804,0,1,88082000,0000000000000000,00007fa0e2f7e000,2c,00007fa0e2f7e000
805,805,0,1,88082000,0000000000000000,00007fa0e2f7e000,2c,00007fa0e2f7e000
806,806,0,1,88082000,0000000000000000,00007fa0e2f7e000,2c,00007fa0e2f7e000
807,807,0,1,88082000,0000000000000000,00007fa0e2f7e000,2c,00007fa0e2f7e000
808,808,0,1,88082000,0000000000000000,00007fa0e2f7e000,2c,00007fa0e2f7e000
809,809,0,1,88082000,0000000000000000,00007fa0e2f7e000,2c,00007fa0e2f7e000
810,810,0,1,88082000,0000000000000000,00007fa0e2f7e000,2c,00007fa0e2f7e000
811,811,0,1,88082000,0000000000000000,00007fa0e2f7e000,2c,00007fa0e2f7e000
812,812,0,1,88082000,0000000000000000,00007fa0e2f7e000,2c,00007fa0e2f7e000
813,813,0,1,88082000,00007fa0e317f000,00007fa0e2f7e000,2c,00007fa0e2f7e000
814,814,0,1,88082000,00007fa0e2f7e000,00007fa0e2f7e000,2c,00007fa0e2f7e000
815,815,0,1,88082000,0000000000000000,00007fa0e2f7e000,2c,00007fa0e2f7e000
816,816,0,1,88082000,0000000000000000,00007fa0e2f7e000,2c,00007fa0e2f7e000
817,817,0,1,88082000,0000000000000000,00007fa0e2f7e000,2c,00007fa0e2f7e000
818,818,0,1,88082000,0000000000000000,00007fa0e2f7e000,2c,00007fa0e2f7e000
819,819,0,1,88082000,0000000000000000,00007fa0e2f7e000,2c,00007fa0e2f7e000
820,820,0,1,88082000,0000000000000000,00007fa0e2f7e000,2c,00007fa0e2f7e000
821,821,0,1,88082000,0000000000000000,00007fa0e2f7e000,2c,00007fa0e2f7e000
822,822,0,1,88082000,0000000000000000,00007fa0e2f7e000,2c,00007fa0e2f7e000
823,823,0,1,88082000,0000000000000000,00007fa0e2f7e000,2c,00007fa0e2f7e000
824,824,0,1,88082000,0000000000000000,00007fa0e2f7e000,2c,00007fa0e2f7e000
825,825,0,1,88082000,0000000000000000,00007fa0e2f7e000,2c,00007fa0e2f7e000
826,826,0,1,88082000,0000000000000000,00007fa0e2f7e000,2c,00007fa0e2f7e000
827,827,0,1,88082000,0000000000000000,00007fa0e2f7e000,2c,00007fa0e2f7e000
828,828,0,1,88082000,0000000000000000,00007fa0e2f7e000,2c,00007fa0e2f7e000
829,829,0,1,88082000,00007fa0e317f000,00007fa0e2f7e000,2c,00007fa0e2f7e000
830,830,0,1,88082000,00007fa0e2f7e000,00007fa0e2f7e000,2c,00007fa0e2f7e000
831,831,0,1,88082000,0000000000000000,00007fa0e2f7e000,2c,00007fa0e2f7e000
832,832,0,1,88082000,0000000000000000,00007fa0e2f7e000,2c,00007fa0e2f7e000
833,833,0,1,88082000,0000000000000000,00007fa0e2f7e000,2c,00007fa0e2f7e000
834,834,0,1,88082000,0000000000000000,00007fa0e2f7e000,2c,00007fa0e2f7e000
835,835,0,1,88082000,0000000000000000,00007fa0e2f7e000,2c,00007fa0e2f7e000
836,836,0,1,88082000,0000000000000000,00007fa0e2f7e000,2c,00007fa0e2f7e000
837,837,0,1,88082000,0000000000000000,00007fa0e2f7e000,2c,00007fa0e2f7e000
838,838,0,1,88082000,0000000000000000,00007fa0e2f7e000,2c,00007fa0e2f7e000
839,839,0,1,88082000,0000000000000000,00007fa0e2f7e000,2c,00007fa0e2f7e000
840,840,0,1,88082000,0000000000000000,00007fa0e2f7e000,2c,00007fa0e2f7e000
841,841,0,1,88082000,0000000000000000,00007fa0e2f7e000,2c,00007fa0e2f7e000
842,842,0,1,88082000,0000000000000000,00007fa0e2f7e000,2c,00007fa0e2f7e000
843,843,0,1,88082000,0000000000000000,00007fa0e2f7e000,2c,00007fa0e2f7e000
844,844,0,1,88082000,0000000000000000,00007fa0e2f7e000,2c,00007fa0e2f7e000
845,845,0,1,88082000,00007fa0e317f000,00007fa0e2f7e000,2c,00007fa0e2f7e000
846,846,0,1,88082000,00007fa0e2f7e000,00007fa0e2f7e000,2c,00007fa0e2f7e000
847,847,0,1,88082000,0000000000000000,00007fa0e2f7e000,2c,00007fa0e2f7e000
848,848,0,1,88082000,0000000000000000,00007fa0e2f7e000,2c,00007fa0e2f7e000
849,849,0,1,88082000,0000000000000000,00007fa0e2f7e000,2c,00007fa0e2f7e000
850,850,0,1,88082000,0000000000000000,00007fa0e2f7e000,2c,00007fa0e2f7e000
851,851,0,1,88082000,0000000000000000,00007fa0e2f7e000,2c,00007fa0e2f7e000
852,852,0,1,88082000,0000000000000000,00007fa0e2f7e000,2c,00007fa0e2f7e000
853,853,0,1,88082000,0000000000000000,00007fa0e2f7e000,2c,00007fa0e2f7e000
854,854,0,1,88082000,0000000000000000,00007fa0e2f7e000,2c,00007fa0e2f7e000
855,855,0,1,88082000,0000000000000000,00007fa0e2f7e000,2c,00007fa0e2f7e000
856,856,0,1,88082000,0000000000000000,00007fa0e2f7e000,2c,00007fa0e2f7e000
857,857,0,1,88082000,0000000000000000,00007fa0e2f7e000,2c,00007fa0e2f7e000
858,858,0,1,88082000,0000000000000000,00007fa0e2f7e000,2c,00007fa0e2f7e000
859,859,0,1,88082000,0000000000000000,00007fa0e2f7e000,2c,00007fa0e2f7e000
860,860,0,1,88082000,0000000000000000,00007fa0e2f7e000,2c,00007fa0e2f7e000
861,861,0,1,88082000,00007fa0e317f000,00007fa0e2f7e000,2c,00007fa0e2f7e000
862,862,0,1,88082000,00007fa0e2f7e000,00007fa0e2f7e000,2c,00007fa0e2f7e000
863,863,0,1,88082000,0000000000000000,00007fa0e2f7e000,2c,00007fa0e2f7e000
864,864,0,1,88082000,0000000000000000,00007fa0e2f7e000,2c,00007fa0e2f7e000
865,865,0,1,88082000,0000000000000000,00007fa0e2f7e000,2c,00007fa0e2f7e000
866,866,0,1,88082000,0000000000000000,00007fa0e2f7e000,2c,00007fa0e2f7e000
867,867,0,1,88082000,0000000000000000,00007fa0e2f7e000,2c,00007fa0e2f7e000
868,868,0,1,88082000,0000000000000000,00007fa0e2f7e000,2c,00007fa0e2f7e000
869,869,0,1,88082000,0000000000000000,00007fa0e2f7e000,2c,00007fa0e2f7e000
870,870,0,1,88082000,0000000000000000,00007fa0e2f7e000,2c,00007fa0e2f7e000
871,871,0,1,88082000,0000000000000000,00007fa0e2f7e000,2c,00007fa0e2f7e000
872,872,0,1,88082000,0000000000000000,00007fa0e2f7e000,2c,00007fa0e2f7e000
873,873,0,1,88082000,0000000000000000,00007fa0e2f7e000,2c,00007fa0e2f7e000
874,874,0,1,88082000,0000000000000000,00007fa0e2f7e000,2c,00007fa0e2f7e000
875,875,0,1,88082000,0000000000000000,00007fa0e2f7e000,2c,00007fa0e2f7e000
876,876,0,1,88082000,0000000000000000,00007fa0e2f7e000,2c,00007fa0e2f7e000
877,877,0,1,88082000,00007fa0e317f000,00007fa0e2f7e000,2c,00007fa0e2f7e000
878,878,0,1,88082000,00007fa0e2f7e000,00007fa0e2f7e000,2c,00007fa0e2f7e000
879,879,0,1,88082000,0000000000000000,00007fa0e2f7e000,2c,00007fa0e2f7e000
880,880,0,1,88082000,0000000000000000,00007fa0e2f7e000,2c,00007fa0e2f7e000
881,881,0,1,88082000,0000000000000000,00007fa0e2f7e000,2c,00007fa0e2f7e000
882,882,0,1,88082000,0000000000000000,00007fa0e2f7e000,2c,00007fa0e2f7e000
883,883,0,1,88082000,0000000000000000,00007fa0e2f7e000,2c,00007fa0e2f7e000
884,884,0,1,88082000,0000000000000000,00007fa0e2f7e000,2c,00007fa0e2f7e000
885,885,0,1,88082000,0000000000000000,00007fa0e2f7e000,2c,00007fa0e2f7e000
886,886,0,1,88082000,0000000000000000,00007fa0e2f7e000,2c,00007fa0e2f7e000
887,887,0,1,88082000,0000000000000000,00007fa0e2f7e000,2c,00007fa0e2f7e000
888,888,0,1,88082000,0000000000000000,00007fa0e2f7e000,2c,00007fa0e2f7e000
889,889,0,1,88082000,0000000000000000,00007fa0e2f7e000,2c,00007fa0e2f7e000
890,890,0,1,88082000,0000000000000000,00007fa0e2f7e000,2c,00007fa0e2f7e000
891,891,0,1,88082000,0000000000000000,00007fa0e2f7e000,2c,00007fa0e2f7e000
892,892,0,1,88082000,0000000000000000,00007fa0e2f7e000,2c,00007fa0e2f7e000
893,893,0,1,88082000,00007fa0e317f000,00007fa0e2f7e000,2c,00007fa0e2f7e000
894,894,0,1,88082000,00007fa0e2f7e000,00007fa0e2f7e000,2c,00007fa0e2f7e000
895,895,0,1,88082000,0000000000000000,00007fa0e2f7e000,2c,00007fa0e2f7e000
896,896,0,1,88082000,0000000000000000,00007fa0e2f7e000,2c,00007fa0e2f7e000
897,897,0,1,88082000,0000000000000000,00007fa0e2f7e000,2c,00007fa0e2f7e000
898,898,0,1,88082000,0000000000000000,00007fa0e2f7e000,2c,00007fa0e2f7e000
899,899,0,1,88082000,0000000000000000,00007fa0e2f7e000,2c,00007fa0e2f7e000
900,900,0,1,88082000,0000000000000000,00007fa0e2f7e000,2c,00007fa0e2f7e000
901,901,0,1,88082000,0000000000000000,00007fa0e2f7e000,2c,00007fa0e2f7e000
902,902,0,1,88082000,0000000000000000,00007fa0e2f7e000,2c,00007fa0e2f7e000
903,903,0,1,88082000,0000000000000000,00007fa0e2f7e000,2c,00007fa0e2f7e000
904,904,0,1,88082000,0000000000000000,00007fa0e2f7e000,2c,00007fa0e2f7e000
905,905,0,1,88082000,0000000000000000,00007fa0e2f7e000,2c,00007fa0e2f7e000
906,906,0,1,88082000,0000000000000000,00007fa0e2f7e000,2c,00007fa0e2f7e000
907,907,0,1,88082000,0000000000000000,00007fa0e2f7e000,2c,00007fa0e2f7e000
908,908,0,1,88082000,0000000000000000,00007fa0e2f7e000,2c,00007fa0e2f7e000
909,909,0,1,88082000,00007fa0e317f000,00007fa0e2f7e000,2c,00007fa0e2f7e000
910,910,0,1,88082000,00007fa0e2f7e000,00007fa0e2f7e000,2c,00007fa0e2f7e000
911,911,0,1,88082000,0000000000000000,00007fa0e2f7e000,2c,00007fa0e2f7e000
912,912,0,1,88082000,0000000000000000,00007fa0e2f7e000,2c,00007fa0e2f7e000
913,913,0,1,88082000,0000000000000000,00007fa0e2f7e000,2c,00007fa0e2f7e000
914,914,0,1,88082000,0000000000000000,00007fa0e2f7e000,2c,00007fa0e2f7e000
915,915,0,1,88082000,0000000000000000,00007fa0e2f7e000,2c,00007fa0e2f7e000
916,916,0,1,88082000,0000000000000000,00007fa0e2f7e000,2c,00007fa0e2f7e000
917,917,0,1,88082000,0000000000000000,00007fa0e2f7e000,2c,00007fa0e2f7e000
918,918,0,1,88082000,0000000000000000,00007fa0e2f7e000,2c,00007fa0e2f7e000
919,919,0,1,88082000,0000000000000000,00007fa0e2f7e000,2c,00007fa0e2f7e000
920,920,0,1,88082000,0000000000000000,00007fa0e2f7e000,2c,00007fa0e2f7e000
921,921,0,1,88082000,0000000000000000,00007fa0e2f7e000,2c,00007fa0e2f7e000
922,922,0,1,88082000,0000000000000000,00007fa0e2f7e000,2c,00007fa0e2f7e000
923,923,0,1,88082000,0000000000000000,00007fa0e2f7e000,2c,00007fa0e2f7e000
924,924,0,1,88082000,0000000000000000,00007fa0e2f7e000,2c,00007fa0e2f7e000
925,925,0,1,88082000,00007fa0e317f000,00007fa0e2f7e000,2c,00007fa0e2f7e000
926,926,0,1,88082000,00007fa0e2f7e000,00007fa0e2f7e000,2c,00007fa0e2f7e000
927,927,0,1,88082000,0000000000000000,00007fa0e2f7e000,2c,00007fa0e2f7e000
928,928,0,1,88082000,0000000000000000,00007fa0e2f7e000,2c,00007fa0e2f7e000
929,929,0,1,88082000,0000000000000000,00007fa0e2f7e000,2c,00007fa0e2f7e000
930,930,0,1,88082000,0000000000000000,00007fa0e2f7e000,2c,00007fa0e2f7e000
931,931,0,1,88082000,0000000000000000,00007fa0e2f7e000,2c,00007fa0e2f7e000
932,932,0,1,88082000,0000000000000000,00007fa0e2f7e000,2c,00007fa0e2f7e000
933,933,0,1,88082000,0000000000000000,00007fa0e2f7e000,2c,00007fa0e2f7e000
934,934,0,1,88082000,0000000000000000,00007fa0e2f7e000,2c,00007fa0e2f7e000
935,935,0,1,88082000,0000000000000000,00007fa0e2f7e000,2c,00007fa0e2f7e000
936,936,0,1,88082000,0000000000000000,00007fa0e2f7e000,2c,00007fa0e2f7e000
937,937,0,1,88082000,0000000000000000,00007fa0e2f7e000,2c,00007fa0e2f7e000
938,938,0,1,88082000,0000000000000000,00007fa0e2f7e000,2c,00007fa0e2f7e000
939,939,0,1,88082000,0000000000000000,00007fa0e2f7e000,2c,00007fa0e2f7e000
940,940,0,1,88082000,0000000000000000,00007fa0e2f7e000,2c,00007fa0e2f7e000
941,941,0,1,88082000,00007fa0e317f000,00007fa0e2f7e000,2c,00007fa0e2f7e000
942,942,0,1,88082000,00007fa0e2f7e000,00007fa0e2f7e000,2c,00007fa0e2f7e000
943,943,0,1,88082000,0000000000000000,00007fa0e2f7e000,2c,00007fa0e2f7e000
944,944,0,1,88082000,0000000000000000,00007fa0e2f7e000,2c,00007fa0e2f7e000
945,945,0,1,88082000,0000000000000000,00007fa0e2f7e000,2c,00007fa0e2f7e000
946,946,0,1,88082000,0000000000000000,00007fa0e2f7e000,2c,00007fa0e2f7e000
947,947,0,1,88082000,0000000000000000,00007fa0e2f7e000,2c,00007fa0e2f7e000
948,948,0,1,88082000,0000000000000000,00007fa0e2f7e000,2c,00007fa0e2f7e000
949,949,0,1,88082000,0000000000000000,00007fa0e2f7e000,2c,00007fa0e2f7e000
950,950,0,1,88082000,0000000000000000,00007fa0e2f7e000,2c,00007fa0e2f7e000
951,951,0,1,88082000,0000000000000000,00007fa0e2f7e000,2c,00007fa0e2f7e000
952,952,0,1,88082000,0000000000000000,00007fa0e2f7e000,2c,00007fa0e2f7e000
953,953,0,1,88082000,0000000000000000,00007fa0e2f7e000,2c,00007fa0e2f7e000
954,954,0,1,88082000,0000000000000000,00007fa0e2f7e000,2c,00007fa0e2f7e000
955,955,0,1,88082000,0000000000000000,00007fa0e2f7e000,2c,00007fa0e2f7e000
956,956,0,1,88082000,0000000000000000,00007fa0e2f7e000,2c,00007fa0e2f7e000
957,957,0,1,88082000,00007fa0e317f000,00007fa0e2f7e000,2c,00007fa0e2f7e000
958,958,0,1,88082000,00007fa0e2f7e000,00007fa0e2f7e000,2c,00007fa0e2f7e000
959,959,0,1,88082000,0000000000000000,00007fa0e2f7e000,2c,00007fa0e2f7e000
960,960,0,1,88082000,0000000000000000,00007fa0e2f7e000,2c,00007fa0e2f7e000
961,961,0,1,88082000,0000000000000000,00007fa0e2f7e000,2c,00007fa0e2f7e000
962,962,0,1,88082000,0000000000000000,00007fa0e2f7e000,2c,00007fa0e2f7e000
963,963,0,1,88082000,0000000000000000,00007fa0e2f7e000,2c,00007fa0e2f7e000
964,964,0,1,88082000,0000000000000000,00007fa0e2f7e000,2c,00007fa0e2f7e000
965,965,0,1,88082000,0000000000000000,00007fa0e2f7e000,2c,00007fa0e2f7e000
966,966,0,1,88082000,0000000000000000,00007fa0e2f7e000,2c,00007fa0e2f7e000
967,967,0,1,88082000,0000000000000000,00007fa0e2f7e000,2c,00007fa0e2f7e000
968,968,0,1,88082000,0000000000000000,00007fa0e2f7e000,2c,00007fa0e2f7e000
969,969,0,1,88082000,0000000000000000,00007fa0e2f7e000,2c,00007fa0e2f7e000
970,970,0,1,88082000,0000000000000000,00007fa0e2f7e000,2c,00007fa0e2f7e000
971,971,0,1,88082000,0000000000000000,00007fa0e2f7e000,2c,00007fa0e2f7e000
972,972,0,1,88082000,0000000000000000,00007fa0e2f7e000,2c,00007fa0e2f7e000
973,973,0,1,88082000,00007fa0e317f000,00007fa0e2f7e000,2c,00007fa0e2f7e000
974,974,0,1,88082000,00007fa0e2f7e000,00007fa0e2f7e000,2c,00007fa0e2f7e000
975,975,0,1,88082000,0000000000000000,00007fa0e2f7e000,2c,00007fa0e2f7e000
976,976,0,1,88082000,0000000000000000,00007fa0e2f7e000,2c,00007fa0e2f7e000
977,977,0,1,88082000,0000000000000000,00007fa0e2f7e000,2c,00007fa0e2f7e000
978,978,0,1,88082000,0000000000000000,00007fa0e2f7e000,2c,00007fa0e2f7e000
979,979,0,1,88082000,0000000000000000,00007fa0e2f7e000,2c,00007fa0e2f7e000
980,980,0,1,88082000,0000000000000000,00007fa0e2f7e000,2c,00007fa0e2f7e000
981,981,0,1,88082000,0000000000000000,00007fa0e2f7e000,2c,00007fa0e2f7e000
982,982,0,1,88082000,0000000000000000,00007fa0e2f7e000,2c,00007fa0e2f7e000
983,983,0,1,88082000,0000000000000000,00007fa0e2f7e000,2c,00007fa0e2f7e000
984,984,0,1,88082000,0000000000000000,00007fa0e2f7e000,2c,00007fa0e2f7e000
985,985,0,1,88082000,0000000000000000,00007fa0e2f7e000,2c,00007fa0e2f7e000
986,986,0,1,88082000,0000000000000000,00007fa0e2f7e000,2c,00007fa0e2f7e000
987,987,0,1,88082000,0000000000000000,00007fa0e2f7e000,2c,00007fa0e2f7e000
988,988,0,1,88082000,0000000000000000,00007fa0e2f7e000,2c,00007fa0e2f7e000
989,989,0,1,88082000,00007fa0e317f000,00007fa0e2f7e000,2c,00007fa0e2f7e000
990,990,0,1,88082000,00007fa0e2f7e000,00007fa0e2f7e000,2c,00007fa0e2f7e000
991,991,0,1,88082000,0000000000000000,00007fa0e2f7e000,2c,00007fa0e2f7e000
992,992,0,1,88082000,0000000000000000,00007fa0e2f7e000,2c,00007fa0e2f7e000
993,993,0,1,88082000,0000000000000000,00007fa0e2f7e000,2c,00007fa0e2f7e000
994,994,0,1,88082000,0000000000000000,00007fa0e2f7e000,2c,00007fa0e2f7e000
995,995,0,1,88082000,0000000000000000,00007fa0e2f7e000,2c,00007fa0e2f7e000
996,996,0,1,88082000,0000000000000000,00007fa0e2f7e000,2c,00007fa0e2f7e000
997,997,0,1,88082000,0000000000000000,00007fa0e2f7e000,2c,00007fa0e2f7e000
998,998,0,1,88082000,0000000000000000,00007fa0e2f7e000,2c,00007fa0e2f7e000
999,999,0,1,88082000,0000000000000000,00007fa0e2f7e000,2c,00007fa0e2f7e000
1000,1000,0,1,88082000,0000000000000000,00007fa0e2f7e000,2c,00007fa0e2f7e000
1001,1001,0,1,88082000,0000000000000000,00007fa0e2f7e000,2c,00007fa0e2f7e000
1002,1002,0,1,88082000,0000000000000000,00007fa0e2f7e000,2c,00007fa0e2f7e000
1003,1003,0,1,88082000,0000000000000000,00007fa0e2f7e000,2c,00007fa0e2f7e000
1004,1004,0,1,88082000,0000000000000000,00007fa0e2f7e000,2c,00007fa0e2f7e000
1005,1005,0,1,88082000,00007fa0e317f000,00007fa0e2f7e000,2c,00007fa0e2f7e000
1006,1006,0,1,88082000,00007fa0e2f7e000,00007fa0e2f7e000,2c,00007fa0e2f7e000
1007,1007,0,1,88082000,0000000000000000,00007fa0e2f7e000,2c,00007fa0e2f7e000
1008,1008,0,1,88082000,0000000000000000,00007fa0e2f7e000,2c,00007fa0e2f7e000
1009,1009,0,1,88082000,0000000000000000,00007fa0e2f7e000,2c,00007fa0e2f7e000
1010,1010,0,1,88082000,0000000000000000,00007fa0e2f7e000,2c,00007fa0e2f7e000
1011,1011,0,1,88082000,0000000000000000,00007fa0e2f7e000,2c,00007fa0e2f7e000
1012,1012,0,1,88082000,0000000000000000,00007fa0e2f7e000,2c,00007fa0e2f7e000
1013,1013,0,1,88082000,0000000000000000,00007fa0e2f7e000,2c,00007fa0e2f7e000
1014,1014,0,1,88082000,0000000000000000,00007fa0e2f7e000,2c,00007fa0e2f7e000
1015,1015,0,1,88082000,0000000000000000,00007fa0e2f7e000,2c,00007fa0e2f7e000
1016,1016,0,1,88082000,0000000000000000,00007fa0e2f7e000,2c,00007fa0e2f7e000
1017,1017,0,1,88082000,0000000000000000,00007fa0e2f7e000,2c,00007fa0e2f7e000
1018,1018,0,1,88082000,0000000000000000,00007fa0e2f7e000,2c,00007fa0e2f7e000
1019,1019,0,1,88082000,0000000000000000,00007fa0e2f7e000,2c,00007fa0e2f7e000
1020,1020,0,1,88082000,0000000000000000,00007fa0e2f7e000,2c,00007fa0e2f7e000
1021,1021,0,1,88082000,00007fa0e317f000,00007fa0e2f7e000,2c,00007fa0e2f7e000
1022,1022,0,1,88082000,00007fa0e2f7e000,00007fa0e2f7e000,2c,00007fa0e2f7e000
1023,1023,0,1,88082000,0000000000000000,00007fa0e2f7e000,2c,00007fa0e2f7e000
