Sample in Buffer,Sample in Window,TRIGGER,design_1_i/memops_scheduler_1_done_count[4:0],design_1_i/memops_scheduler_1_start_count[4:0],design_1_i/memops_scheduler_1_mst_exec_state[3:0],design_1_i/memops_scheduler_1_ndp_start[7:0],design_1_i/memops_scheduler_1_offset_reg1_valid,design_1_i/memops_scheduler_1_offset_reg2_valid,design_1_i/memops_scheduler_1_vaddr_offset_count[1:0],design_1_i/memops_scheduler_1_offset_read_enable_1,design_1_i/memops_scheduler_1_ndp_done[7:0],design_1_i/memops_scheduler_1_slv_reg254_wire[31:0],design_1_i/memops_scheduler_1_offset_read_addr_1[11:0]
0,0,0,00,00,0,00,0,0,0,0,00,00000000,000
1,1,0,00,00,0,00,0,0,0,0,00,00000000,000
2,2,0,00,00,0,00,0,0,0,0,00,00000000,000
3,3,0,00,00,0,00,0,0,0,0,00,00000000,000
4,4,0,00,00,0,00,0,0,0,0,00,00000000,000
5,5,0,00,00,0,00,0,0,0,0,00,00000000,000
6,6,0,00,00,0,00,0,0,0,0,00,00000000,000
7,7,0,00,00,0,00,0,0,0,0,00,00000000,000
8,8,0,00,00,0,00,0,0,0,0,00,00000000,000
9,9,0,00,00,0,00,0,0,0,0,00,00000000,000
10,10,0,00,00,0,00,0,0,0,0,00,00000000,000
11,11,0,00,00,0,00,0,0,0,0,00,00000000,000
12,12,0,00,00,0,00,0,0,0,0,00,00000000,000
13,13,0,00,00,0,00,0,0,0,0,00,00000000,000
14,14,0,00,00,0,00,0,0,0,0,00,00000000,000
15,15,0,00,00,0,00,0,0,0,0,00,00000000,000
16,16,0,00,00,0,00,0,0,0,0,00,00000000,000
17,17,0,00,00,0,00,0,0,0,0,00,00000000,000
18,18,0,00,00,0,00,0,0,0,0,00,00000000,000
19,19,0,00,00,0,00,0,0,0,0,00,00000000,000
20,20,0,00,00,0,00,0,0,0,0,00,00000000,000
21,21,0,00,00,0,00,0,0,0,0,00,00000000,000
22,22,0,00,00,0,00,0,0,0,0,00,00000000,000
23,23,0,00,00,0,00,0,0,0,0,00,00000000,000
24,24,0,00,00,0,00,0,0,0,0,00,00000000,000
25,25,0,00,00,0,00,0,0,0,0,00,00000000,000
26,26,0,00,00,0,00,0,0,0,0,00,00000000,000
27,27,0,00,00,0,00,0,0,0,0,00,00000000,000
28,28,0,00,00,0,00,0,0,0,0,00,00000000,000
29,29,0,00,00,0,00,0,0,0,0,00,00000000,000
30,30,0,00,00,0,00,0,0,0,0,00,00000000,000
31,31,0,00,00,0,00,0,0,0,0,00,00000000,000
32,32,0,00,00,0,00,0,0,0,0,00,00000000,000
33,33,0,00,00,0,00,0,0,0,0,00,00000000,000
34,34,0,00,00,0,00,0,0,0,0,00,00000000,000
35,35,0,00,00,0,00,0,0,0,0,00,00000000,000
36,36,0,00,00,0,00,0,0,0,0,00,00000000,000
37,37,0,00,00,0,00,0,0,0,0,00,00000000,000
38,38,0,00,00,0,00,0,0,0,0,00,00000000,000
39,39,0,00,00,0,00,0,0,0,0,00,00000000,000
40,40,0,00,00,0,00,0,0,0,0,00,00000000,000
41,41,0,00,00,0,00,0,0,0,0,00,00000000,000
42,42,0,00,00,0,00,0,0,0,0,00,00000000,000
43,43,0,00,00,0,00,0,0,0,0,00,00000000,000
44,44,0,00,00,0,00,0,0,0,0,00,00000000,000
45,45,0,00,00,0,00,0,0,0,0,00,00000000,000
46,46,0,00,00,0,00,0,0,0,0,00,00000000,000
47,47,0,00,00,0,00,0,0,0,0,00,00000000,000
48,48,0,00,00,0,00,0,0,0,0,00,00000000,000
49,49,0,00,00,0,00,0,0,0,0,00,00000000,000
50,50,0,00,00,0,00,0,0,0,0,00,00000000,000
51,51,0,00,00,0,00,0,0,0,0,00,00000000,000
52,52,0,00,00,0,00,0,0,0,0,00,00000000,000
53,53,0,00,00,0,00,0,0,0,0,00,00000000,000
54,54,0,00,00,0,00,0,0,0,0,00,00000000,000
55,55,0,00,00,0,00,0,0,0,0,00,00000000,000
56,56,0,00,00,0,00,0,0,0,0,00,00000000,000
57,57,0,00,00,0,00,0,0,0,0,00,00000000,000
58,58,0,00,00,0,00,0,0,0,0,00,00000000,000
59,59,0,00,00,0,00,0,0,0,0,00,00000000,000
60,60,0,00,00,0,00,0,0,0,0,00,00000000,000
61,61,0,00,00,0,00,0,0,0,0,00,00000000,000
62,62,0,00,00,0,00,0,0,0,0,00,00000000,000
63,63,0,00,00,0,00,0,0,0,0,00,00000000,000
64,64,0,00,00,0,00,0,0,0,0,00,00000000,000
65,65,0,00,00,0,00,0,0,0,0,00,00000000,000
66,66,0,00,00,0,00,0,0,0,0,00,00000000,000
67,67,0,00,00,0,00,0,0,0,0,00,00000000,000
68,68,0,00,00,0,00,0,0,0,0,00,00000000,000
69,69,0,00,00,0,00,0,0,0,0,00,00000000,000
70,70,0,00,00,0,00,0,0,0,0,00,00000000,000
71,71,0,00,00,0,00,0,0,0,0,00,00000000,000
72,72,0,00,00,0,00,0,0,0,0,00,00000000,000
73,73,0,00,00,0,00,0,0,0,0,00,00000000,000
74,74,0,00,00,0,00,0,0,0,0,00,00000000,000
75,75,0,00,00,0,00,0,0,0,0,00,00000000,000
76,76,0,00,00,0,00,0,0,0,0,00,00000000,000
77,77,0,00,00,0,00,0,0,0,0,00,00000000,000
78,78,0,00,00,0,00,0,0,0,0,00,00000000,000
79,79,0,00,00,0,00,0,0,0,0,00,00000000,000
80,80,0,00,00,0,00,0,0,0,0,00,00000000,000
81,81,0,00,00,0,00,0,0,0,0,00,00000000,000
82,82,0,00,00,0,00,0,0,0,0,00,00000000,000
83,83,0,00,00,0,00,0,0,0,0,00,00000000,000
84,84,0,00,00,0,00,0,0,0,0,00,00000000,000
85,85,0,00,00,0,00,0,0,0,0,00,00000000,000
86,86,0,00,00,0,00,0,0,0,0,00,00000000,000
87,87,0,00,00,0,00,0,0,0,0,00,00000000,000
88,88,0,00,00,0,00,0,0,0,0,00,00000000,000
89,89,0,00,00,0,00,0,0,0,0,00,00000000,000
90,90,0,00,00,0,00,0,0,0,0,00,00000000,000
91,91,0,00,00,0,00,0,0,0,0,00,00000000,000
92,92,0,00,00,0,00,0,0,0,0,00,00000000,000
93,93,0,00,00,0,00,0,0,0,0,00,00000000,000
94,94,0,00,00,0,00,0,0,0,0,00,00000000,000
95,95,0,00,00,0,00,0,0,0,0,00,00000000,000
96,96,0,00,00,0,00,0,0,0,0,00,00000000,000
97,97,0,00,00,0,00,0,0,0,0,00,00000000,000
98,98,0,00,00,0,00,0,0,0,0,00,00000000,000
99,99,0,00,00,0,00,0,0,0,0,00,00000000,000
100,100,0,00,00,0,00,0,0,0,0,00,00000000,000
101,101,0,00,00,0,00,0,0,0,0,00,00000000,000
102,102,0,00,00,0,00,0,0,0,0,00,00000000,000
103,103,0,00,00,0,00,0,0,0,0,00,00000000,000
104,104,0,00,00,0,00,0,0,0,0,00,00000000,000
105,105,0,00,00,0,00,0,0,0,0,00,00000000,000
106,106,0,00,00,0,00,0,0,0,0,00,00000000,000
107,107,0,00,00,0,00,0,0,0,0,00,00000000,000
108,108,0,00,00,0,00,0,0,0,0,00,00000000,000
109,109,0,00,00,0,00,0,0,0,0,00,00000000,000
110,110,0,00,00,0,00,0,0,0,0,00,00000000,000
111,111,0,00,00,0,00,0,0,0,0,00,00000000,000
112,112,0,00,00,0,00,0,0,0,0,00,00000000,000
113,113,0,00,00,0,00,0,0,0,0,00,00000000,000
114,114,0,00,00,0,00,0,0,0,0,00,00000000,000
115,115,0,00,00,0,00,0,0,0,0,00,00000000,000
116,116,0,00,00,0,00,0,0,0,0,00,00000000,000
117,117,0,00,00,0,00,0,0,0,0,00,00000000,000
118,118,0,00,00,0,00,0,0,0,0,00,00000000,000
119,119,0,00,00,0,00,0,0,0,0,00,00000000,000
120,120,1,00,00,0,00,0,0,0,1,00,00000000,000
121,121,0,00,00,0,00,0,0,0,0,00,00000000,00b
122,122,0,00,00,0,00,0,0,0,1,00,00000000,00b
123,123,0,00,00,0,00,0,0,0,0,00,00000000,00b
124,124,0,00,00,0,00,0,0,0,0,00,00000000,00b
125,125,0,00,00,0,00,0,0,0,0,00,00000000,00b
126,126,0,00,00,0,00,0,0,0,0,00,00000000,00b
127,127,0,00,00,0,00,0,0,0,0,00,00000000,00b
128,128,0,00,00,0,00,0,0,0,0,00,00000000,00b
129,129,0,00,00,0,00,1,0,1,0,00,00000000,00b
130,130,0,00,00,0,00,1,0,1,0,00,00000000,00b
131,131,0,00,00,0,00,1,1,2,0,00,00000000,00b
132,132,0,00,00,0,00,1,1,2,0,00,00000000,00b
133,133,0,00,00,0,00,1,1,2,0,00,00000000,00b
134,134,0,00,00,0,00,1,1,2,0,00,00000000,00b
135,135,0,00,00,0,00,1,1,2,0,00,00000000,00b
136,136,0,00,00,0,00,1,1,2,0,00,00000000,00b
137,137,0,00,00,0,00,1,1,2,0,00,00000000,00b
138,138,0,00,00,0,00,1,1,2,0,00,00000000,00b
139,139,0,00,00,0,00,1,1,2,0,00,00000000,00b
140,140,0,00,00,0,00,1,1,2,0,00,00000000,00b
141,141,0,00,00,0,00,1,1,2,0,00,00000000,00b
142,142,0,00,00,0,00,1,1,2,0,00,00000000,00b
143,143,0,00,00,0,00,1,1,2,0,00,00000000,00b
144,144,0,00,00,0,00,1,1,2,0,00,00000000,00b
145,145,0,00,00,0,00,1,1,2,0,00,00000000,00b
146,146,0,00,00,0,00,1,1,2,0,00,00000000,00b
147,147,0,00,00,0,00,1,1,2,0,00,00000000,00b
148,148,0,00,00,0,00,1,1,2,0,00,00000000,00b
149,149,0,00,00,0,00,1,1,2,0,00,00000000,00b
150,150,0,00,00,0,00,1,1,2,0,00,00000000,00b
151,151,0,00,00,0,00,1,1,2,0,00,00000000,00b
152,152,0,00,00,0,00,1,1,2,0,00,00000000,00b
153,153,0,00,00,0,00,1,1,2,0,00,00000000,00b
154,154,0,00,00,0,00,1,1,2,0,00,00000000,00b
155,155,0,00,00,0,00,1,1,2,0,00,00000000,00b
156,156,0,00,00,0,00,1,1,2,0,00,00000000,00b
157,157,0,00,00,0,00,1,1,2,0,00,00000000,00b
158,158,0,00,00,0,00,1,1,2,0,00,00000000,00b
159,159,0,00,00,0,00,1,1,2,0,00,00000000,00b
160,160,0,00,00,0,00,1,1,2,0,00,00000000,00b
161,161,0,00,00,0,00,1,1,2,0,00,00000000,00b
162,162,0,00,00,0,00,1,1,2,0,00,00000000,00b
163,163,0,00,00,0,00,1,1,2,0,00,00000000,00b
164,164,0,00,00,0,00,1,1,2,0,00,00000000,00b
165,165,0,00,00,0,00,1,1,2,0,00,00000000,00b
166,166,0,00,00,0,00,1,1,2,0,00,00000000,00b
167,167,0,00,00,0,00,1,1,2,0,00,00000000,00b
168,168,0,00,00,0,00,1,1,2,0,00,00000000,00b
169,169,0,00,00,0,00,1,1,2,0,00,00000000,00b
170,170,0,00,00,0,00,1,1,2,0,00,00000000,00b
171,171,0,00,00,0,00,1,1,2,0,00,00000000,00b
172,172,0,00,00,0,00,1,1,2,0,00,00000000,00b
173,173,0,00,00,0,00,1,1,2,0,00,00000000,00b
174,174,0,00,00,0,00,1,1,2,0,00,00000000,00b
175,175,0,00,00,0,00,1,1,2,0,00,00000000,00b
176,176,0,00,00,0,00,1,1,2,0,00,00000000,00b
177,177,0,00,00,0,00,1,1,2,0,00,00000000,00b
178,178,0,00,00,0,00,1,1,2,0,00,00000000,00b
179,179,0,00,00,0,00,1,1,2,0,00,00000000,00b
180,180,0,00,00,0,00,1,1,2,0,00,00000000,00b
181,181,0,00,00,0,00,1,1,2,0,00,00000000,00b
182,182,0,00,00,0,00,1,1,2,0,00,00000000,00b
183,183,0,00,00,0,00,1,1,2,0,00,00000000,00b
184,184,0,00,00,0,00,1,1,2,0,00,00000000,00b
185,185,0,00,00,0,00,1,1,2,0,00,00000000,00b
186,186,0,00,00,0,00,1,1,2,0,00,00000000,00b
187,187,0,00,00,0,00,1,1,2,0,00,00000000,00b
188,188,0,00,00,0,00,1,1,2,0,00,00000000,00b
189,189,0,00,00,0,00,1,1,2,0,00,00000000,00b
190,190,0,00,00,0,00,1,1,2,0,00,00000000,00b
191,191,0,00,00,0,00,1,1,2,0,00,00000000,00b
192,192,0,00,00,0,00,1,1,2,0,00,00000000,00b
193,193,0,00,00,0,00,1,1,2,0,00,00000000,00b
194,194,0,00,00,0,00,1,1,2,0,00,00000000,00b
195,195,0,00,00,0,00,1,1,2,0,00,00000000,00b
196,196,0,00,00,0,00,1,1,2,0,00,00000000,00b
197,197,0,00,00,0,00,1,1,2,0,00,00000000,00b
198,198,0,00,00,0,00,1,1,2,0,00,00000000,00b
199,199,0,00,00,0,00,1,1,2,0,00,00000000,00b
200,200,0,00,00,0,00,1,1,2,0,00,00000000,00b
201,201,0,00,00,0,00,1,1,2,0,00,00000000,00b
202,202,0,00,00,0,00,1,1,2,0,00,00000000,00b
203,203,0,00,00,0,00,1,1,2,0,00,00000000,00b
204,204,0,00,00,0,00,1,1,2,0,00,00000000,00b
205,205,0,00,00,0,00,1,1,2,0,00,00000000,00b
206,206,0,00,00,0,00,1,1,2,0,00,00000000,00b
207,207,0,00,00,0,00,1,1,2,0,00,00000000,00b
208,208,0,00,00,0,00,1,1,2,0,00,00000000,00b
209,209,0,00,00,0,00,1,1,2,0,00,00000000,00b
210,210,0,00,00,0,00,1,1,2,0,00,00000000,00b
211,211,0,00,00,0,00,1,1,2,0,00,00000000,00b
212,212,0,00,00,0,00,1,1,2,0,00,00000000,00b
213,213,0,00,00,0,00,1,1,2,0,00,00000000,00b
214,214,0,00,00,0,00,1,1,2,0,00,00000000,00b
215,215,0,00,00,0,00,1,1,2,0,00,00000000,00b
216,216,0,00,00,0,00,1,1,2,0,00,00000000,00b
217,217,0,00,00,0,00,1,1,2,0,00,00000000,00b
218,218,0,00,00,0,00,1,1,2,0,00,00000000,00b
219,219,0,00,00,0,00,1,1,2,0,00,00000000,00b
220,220,0,00,00,0,00,1,1,2,0,00,00000000,00b
221,221,0,00,00,0,00,1,1,2,0,00,00000000,00b
222,222,0,00,00,0,00,1,1,2,0,00,00000000,00b
223,223,0,00,00,0,00,1,1,2,0,00,00000000,00b
224,224,0,00,00,0,00,1,1,2,0,00,00000000,00b
225,225,0,00,00,0,00,1,1,2,0,00,00000000,00b
226,226,0,00,00,0,00,1,1,2,0,00,00000000,00b
227,227,0,00,00,0,00,1,1,2,0,00,00000000,00b
228,228,0,00,00,0,00,1,1,2,0,00,00000000,00b
229,229,0,00,00,0,00,1,1,2,0,00,00000000,00b
230,230,0,00,00,0,00,1,1,2,0,00,00000000,00b
231,231,0,00,00,0,00,1,1,2,0,00,00000000,00b
232,232,0,00,00,0,00,1,1,2,0,00,00000000,00b
233,233,0,00,00,0,00,1,1,2,0,00,00000000,00b
234,234,0,00,00,0,00,1,1,2,0,00,00000000,00b
235,235,0,00,00,0,00,1,1,2,0,00,00000000,00b
236,236,0,00,00,0,00,1,1,2,0,00,00000000,00b
237,237,0,00,00,0,00,1,1,2,0,00,00000000,00b
238,238,0,00,00,0,00,1,1,2,0,00,00000000,00b
239,239,0,00,00,0,00,1,1,2,0,00,00000000,00b
240,240,0,00,00,0,00,1,1,2,0,00,00000000,00b
241,241,0,00,00,0,00,1,1,2,0,00,00000000,00b
242,242,0,00,00,0,00,1,1,2,0,00,00000000,00b
243,243,0,00,00,0,00,1,1,2,0,00,00000000,00b
244,244,0,00,00,0,00,1,1,2,0,00,00000000,00b
245,245,0,00,00,0,00,1,1,2,0,00,00000000,00b
246,246,0,00,00,0,00,1,1,2,0,00,00000000,00b
247,247,0,00,00,0,00,1,1,2,0,00,00000000,00b
248,248,0,00,00,0,00,1,1,2,0,00,00000000,00b
249,249,0,00,00,0,00,1,1,2,0,00,00000000,00b
250,250,0,00,00,0,00,1,1,2,0,00,00000000,00b
251,251,0,00,00,0,00,1,1,2,0,00,00000000,00b
252,252,0,00,00,0,00,1,1,2,0,00,00000000,00b
253,253,0,00,00,0,00,1,1,2,0,00,00000000,00b
254,254,0,00,00,0,00,1,1,2,0,00,00000000,00b
255,255,0,00,00,0,00,1,1,2,0,00,00000000,00b
256,256,0,00,00,0,00,1,1,2,0,00,00000000,00b
257,257,0,00,00,0,00,1,1,2,0,00,00000000,00b
258,258,0,00,00,0,00,1,1,2,0,00,00000000,00b
259,259,0,00,00,0,00,1,1,2,0,00,00000000,00b
260,260,0,00,00,0,00,1,1,2,0,00,00000000,00b
261,261,0,00,00,0,00,1,1,2,0,00,00000000,00b
262,262,0,00,00,0,00,1,1,2,0,00,00000000,00b
263,263,0,00,00,0,00,1,1,2,0,00,00000000,00b
264,264,0,00,00,0,00,1,1,2,0,00,00000000,00b
265,265,0,00,00,0,00,1,1,2,0,00,00000000,00b
266,266,0,00,00,0,00,1,1,2,0,00,00000000,00b
267,267,0,00,00,0,00,1,1,2,0,00,00000000,00b
268,268,0,00,00,0,00,1,1,2,0,00,00000000,00b
269,269,0,00,00,0,00,1,1,2,0,00,00000000,00b
270,270,0,00,00,0,00,1,1,2,0,00,00000000,00b
271,271,0,00,00,0,00,1,1,2,0,00,00000000,00b
272,272,0,00,00,0,00,1,1,2,0,00,00000000,00b
273,273,0,00,00,0,00,1,1,2,0,00,00000000,00b
274,274,0,00,00,0,00,1,1,2,0,00,00000000,00b
275,275,0,00,00,0,00,1,1,2,0,00,00000000,00b
276,276,0,00,00,0,00,1,1,2,0,00,00000000,00b
277,277,0,00,00,0,00,1,1,2,0,00,00000000,00b
278,278,0,00,00,0,00,1,1,2,0,00,00000000,00b
279,279,0,00,00,0,00,1,1,2,0,00,00000000,00b
280,280,0,00,00,0,00,1,1,2,0,00,00000000,00b
281,281,0,00,00,0,00,1,1,2,0,00,00000000,00b
282,282,0,00,00,0,00,1,1,2,0,00,00000000,00b
283,283,0,00,00,0,00,1,1,2,0,00,00000000,00b
284,284,0,00,00,0,00,1,1,2,0,00,00000000,00b
285,285,0,00,00,0,00,1,1,2,0,00,00000000,00b
286,286,0,00,00,0,00,1,1,2,0,00,00000000,00b
287,287,0,00,00,0,00,1,1,2,0,00,00000000,00b
288,288,0,00,00,0,00,1,1,2,0,00,00000000,00b
289,289,0,00,00,0,00,1,1,2,0,00,00000000,00b
290,290,0,00,00,0,00,1,1,2,0,00,00000000,00b
291,291,0,00,00,0,00,1,1,2,0,00,00000000,00b
292,292,0,00,00,0,00,1,1,2,0,00,00000000,00b
293,293,0,00,00,0,00,1,1,2,0,00,00000000,00b
294,294,0,00,00,0,00,1,1,2,0,00,00000000,00b
295,295,0,00,00,0,00,1,1,2,0,00,00000000,00b
296,296,0,00,00,0,00,1,1,2,0,00,00000000,00b
297,297,0,00,00,0,00,1,1,2,0,00,00000000,00b
298,298,0,00,00,0,00,1,1,2,0,00,00000000,00b
299,299,0,00,00,0,00,1,1,2,0,00,00000000,00b
300,300,0,00,00,0,00,1,1,2,0,00,00000000,00b
301,301,0,00,00,0,00,1,1,2,0,00,00000000,00b
302,302,0,00,00,0,00,1,1,2,0,00,00000000,00b
303,303,0,00,00,0,00,1,1,2,0,00,00000000,00b
304,304,0,00,00,0,00,1,1,2,0,00,00000000,00b
305,305,0,00,00,0,00,1,1,2,0,00,00000000,00b
306,306,0,00,00,0,00,1,1,2,0,00,00000000,00b
307,307,0,00,00,0,00,1,1,2,0,00,00000000,00b
308,308,0,00,00,0,00,1,1,2,0,00,00000000,00b
309,309,0,00,00,0,00,1,1,2,0,00,00000000,00b
310,310,0,00,00,0,00,1,1,2,0,00,00000000,00b
311,311,0,00,00,0,00,1,1,2,0,00,00000000,00b
312,312,0,00,00,0,00,1,1,2,0,00,00000000,00b
313,313,0,00,00,0,00,1,1,2,0,00,00000000,00b
314,314,0,00,00,0,00,1,1,2,0,00,00000000,00b
315,315,0,00,00,0,00,1,1,2,0,00,00000000,00b
316,316,0,00,00,0,00,1,1,2,0,00,00000000,00b
317,317,0,00,00,0,00,1,1,2,0,00,00000000,00b
318,318,0,00,00,0,00,1,1,2,0,00,00000000,00b
319,319,0,00,00,0,00,1,1,2,0,00,00000000,00b
320,320,0,00,00,0,00,1,1,2,0,00,00000000,00b
321,321,0,00,00,0,00,1,1,2,0,00,00000000,00b
322,322,0,00,00,0,00,1,1,2,0,00,00000000,00b
323,323,0,00,00,0,00,1,1,2,0,00,00000000,00b
324,324,0,00,00,0,00,1,1,2,0,00,00000000,00b
325,325,0,00,00,0,00,1,1,2,0,00,00000000,00b
326,326,0,00,00,0,00,1,1,2,0,00,00000000,00b
327,327,0,00,00,0,00,1,1,2,0,00,00000000,00b
328,328,0,00,00,0,00,1,1,2,0,00,00000000,00b
329,329,0,00,00,0,00,1,1,2,0,00,00000000,00b
330,330,0,00,00,0,00,1,1,2,0,00,00000000,00b
331,331,0,00,00,0,00,1,1,2,0,00,00000000,00b
332,332,0,00,00,0,00,1,1,2,0,00,00000000,00b
333,333,0,00,00,0,00,1,1,2,0,00,00000000,00b
334,334,0,00,00,0,00,1,1,2,0,00,00000000,00b
335,335,0,00,00,0,00,1,1,2,0,00,00000000,00b
336,336,0,00,00,0,00,1,1,2,0,00,00000000,00b
337,337,0,00,00,0,00,1,1,2,0,00,00000000,00b
338,338,0,00,00,0,00,1,1,2,0,00,00000000,00b
339,339,0,00,00,0,00,1,1,2,0,00,00000000,00b
340,340,0,00,00,0,00,1,1,2,0,00,00000000,00b
341,341,0,00,00,0,00,1,1,2,0,00,00000000,00b
342,342,0,00,00,0,00,1,1,2,0,00,00000000,00b
343,343,0,00,00,0,00,1,1,2,0,00,00000000,00b
344,344,0,00,00,0,00,1,1,2,0,00,00000000,00b
345,345,0,00,00,0,00,1,1,2,0,00,00000000,00b
346,346,0,00,00,0,00,1,1,2,0,00,00000000,00b
347,347,0,00,00,0,00,1,1,2,0,00,00000000,00b
348,348,0,00,00,0,00,1,1,2,0,00,00000000,00b
349,349,0,00,00,0,00,1,1,2,0,00,00000000,00b
350,350,0,00,00,0,00,1,1,2,0,00,00000000,00b
351,351,0,00,00,0,00,1,1,2,0,00,00000000,00b
352,352,0,00,00,0,00,1,1,2,0,00,00000000,00b
353,353,0,00,00,0,00,1,1,2,0,00,00000000,00b
354,354,0,00,00,0,00,1,1,2,0,00,00000000,00b
355,355,0,00,00,0,00,1,1,2,0,00,00000000,00b
356,356,0,00,00,0,00,1,1,2,0,00,00000000,00b
357,357,0,00,00,0,00,1,1,2,0,00,00000000,00b
358,358,0,00,00,0,00,1,1,2,0,00,00000000,00b
359,359,0,00,00,0,00,1,1,2,0,00,00000000,00b
360,360,0,00,00,0,00,1,1,2,0,00,00000000,00b
361,361,0,00,00,0,00,1,1,2,0,00,00000000,00b
362,362,0,00,00,0,00,1,1,2,0,00,00000000,00b
363,363,0,00,00,0,00,1,1,2,0,00,00000000,00b
364,364,0,00,00,0,00,1,1,2,0,00,00000000,00b
365,365,0,00,00,0,00,1,1,2,0,00,00000000,00b
366,366,0,00,00,0,00,1,1,2,0,00,00000000,00b
367,367,0,00,00,0,00,1,1,2,0,00,00000000,00b
368,368,0,00,00,0,00,1,1,2,0,00,00000000,00b
369,369,0,00,00,0,00,1,1,2,0,00,00000000,00b
370,370,0,00,00,0,00,1,1,2,0,00,00000000,00b
371,371,0,00,00,0,00,1,1,2,0,00,00000000,00b
372,372,0,00,00,0,00,1,1,2,0,00,00000000,00b
373,373,0,00,00,0,00,1,1,2,0,00,00000000,00b
374,374,0,00,00,0,00,1,1,2,0,00,00000000,00b
375,375,0,00,00,0,00,1,1,2,0,00,00000000,00b
376,376,0,00,00,0,00,1,1,2,0,00,00000000,00b
377,377,0,00,00,0,00,1,1,2,0,00,00000000,00b
378,378,0,00,00,0,00,1,1,2,0,00,00000000,00b
379,379,0,00,00,0,00,1,1,2,0,00,00000000,00b
380,380,0,00,00,0,00,1,1,2,0,00,00000000,00b
381,381,0,00,00,0,00,1,1,2,0,00,00000000,00b
382,382,0,00,00,0,00,1,1,2,0,00,00000000,00b
383,383,0,00,00,0,00,1,1,2,0,00,00000000,00b
384,384,0,00,00,0,00,1,1,2,0,00,00000000,00b
385,385,0,00,00,0,00,1,1,2,0,00,00000000,00b
386,386,0,00,00,0,00,1,1,2,0,00,00000000,00b
387,387,0,00,00,0,00,1,1,2,0,00,00000000,00b
388,388,0,00,00,0,00,1,1,2,0,00,00000000,00b
389,389,0,00,00,0,00,1,1,2,0,00,00000000,00b
390,390,0,00,00,0,00,1,1,2,0,00,00000000,00b
391,391,0,00,00,0,00,1,1,2,0,00,00000000,00b
392,392,0,00,00,0,00,1,1,2,0,00,00000000,00b
393,393,0,00,00,0,00,1,1,2,0,00,00000000,00b
394,394,0,00,00,0,00,1,1,2,0,00,00000000,00b
395,395,0,00,00,0,00,1,1,2,0,00,00000000,00b
396,396,0,00,00,0,00,1,1,2,0,00,00000000,00b
397,397,0,00,00,0,00,1,1,2,0,00,00000000,00b
398,398,0,00,00,0,00,1,1,2,0,00,00000000,00b
399,399,0,00,00,0,00,1,1,2,0,00,00000000,00b
400,400,0,00,00,0,00,1,1,2,0,00,00000000,00b
401,401,0,00,00,0,00,1,1,2,0,00,00000000,00b
402,402,0,00,00,0,00,1,1,2,0,00,00000000,00b
403,403,0,00,00,0,00,1,1,2,0,00,00000000,00b
404,404,0,00,00,0,00,1,1,2,0,00,00000000,00b
405,405,0,00,00,0,00,1,1,2,0,00,00000000,00b
406,406,0,00,00,0,00,1,1,2,0,00,00000000,00b
407,407,0,00,00,0,00,1,1,2,0,00,00000000,00b
408,408,0,00,00,0,00,1,1,2,0,00,00000000,00b
409,409,0,00,00,0,00,1,1,2,0,00,00000000,00b
410,410,0,00,00,0,00,1,1,2,0,00,00000000,00b
411,411,0,00,00,0,00,1,1,2,0,00,00000000,00b
412,412,0,00,00,0,00,1,1,2,0,00,00000000,00b
413,413,0,00,00,0,00,1,1,2,0,00,00000000,00b
414,414,0,00,00,0,00,1,1,2,0,00,00000000,00b
415,415,0,00,00,0,00,1,1,2,0,00,00000000,00b
416,416,0,00,00,0,00,1,1,2,0,00,00000000,00b
417,417,0,00,00,0,00,1,1,2,0,00,00000000,00b
418,418,0,00,00,0,00,1,1,2,0,00,00000000,00b
419,419,0,00,00,0,00,1,1,2,0,00,00000000,00b
420,420,0,00,00,0,00,1,1,2,0,00,00000000,00b
421,421,0,00,00,0,00,1,1,2,0,00,00000000,00b
422,422,0,00,00,0,00,1,1,2,0,00,00000000,00b
423,423,0,00,00,0,00,1,1,2,0,00,00000000,00b
424,424,0,00,00,0,00,1,1,2,0,00,00000000,00b
425,425,0,00,00,0,00,1,1,2,0,00,00000000,00b
426,426,0,00,00,0,00,1,1,2,0,00,00000000,00b
427,427,0,00,00,0,00,1,1,2,0,00,00000000,00b
428,428,0,00,00,0,00,1,1,2,0,00,00000000,00b
429,429,0,00,00,0,00,1,1,2,0,00,00000000,00b
430,430,0,00,00,0,00,1,1,2,0,00,00000000,00b
431,431,0,00,00,0,00,1,1,2,0,00,00000000,00b
432,432,0,00,00,0,00,1,1,2,0,00,00000000,00b
433,433,0,00,00,0,00,1,1,2,0,00,00000000,00b
434,434,0,00,00,0,00,1,1,2,0,00,00000000,00b
435,435,0,00,00,0,00,1,1,2,0,00,00000000,00b
436,436,0,00,00,0,00,1,1,2,0,00,00000000,00b
437,437,0,00,00,0,00,1,1,2,0,00,00000000,00b
438,438,0,00,00,0,00,1,1,2,0,00,00000000,00b
439,439,0,00,00,0,00,1,1,2,0,00,00000000,00b
440,440,0,00,00,0,00,1,1,2,0,00,00000000,00b
441,441,0,00,00,0,00,1,1,2,0,00,00000000,00b
442,442,0,00,00,0,00,1,1,2,0,00,00000000,00b
443,443,0,00,00,0,00,1,1,2,0,00,00000000,00b
444,444,0,00,00,0,00,1,1,2,0,00,00000000,00b
445,445,0,00,00,0,00,1,1,2,0,00,00000000,00b
446,446,0,00,00,0,00,1,1,2,0,00,00000000,00b
447,447,0,00,00,0,00,1,1,2,0,00,00000000,00b
448,448,0,00,00,0,00,1,1,2,0,00,00000000,00b
449,449,0,00,00,0,00,1,1,2,0,00,00000000,00b
450,450,0,00,00,0,00,1,1,2,0,00,00000000,00b
451,451,0,00,00,0,00,1,1,2,0,00,00000000,00b
452,452,0,00,00,0,00,1,1,2,0,00,00000000,00b
453,453,0,00,00,0,00,1,1,2,0,00,00000000,00b
454,454,0,00,00,0,00,1,1,2,0,00,00000000,00b
455,455,0,00,00,0,00,1,1,2,0,00,00000000,00b
456,456,0,00,00,0,00,1,1,2,0,00,00000000,00b
457,457,0,00,00,0,00,1,1,2,0,00,00000000,00b
458,458,0,00,00,0,00,1,1,2,0,00,00000000,00b
459,459,0,00,00,0,00,1,1,2,0,00,00000000,00b
460,460,0,00,00,0,00,1,1,2,0,00,00000000,00b
461,461,0,00,00,0,00,1,1,2,0,00,00000000,00b
462,462,0,00,00,0,00,1,1,2,0,00,00000000,00b
463,463,0,00,00,0,00,1,1,2,0,00,00000000,00b
464,464,0,00,00,0,00,1,1,2,0,00,00000000,00b
465,465,0,00,00,0,00,1,1,2,0,00,00000000,00b
466,466,0,00,00,0,00,1,1,2,0,00,00000000,00b
467,467,0,00,00,0,00,1,1,2,0,00,00000000,00b
468,468,0,00,00,0,00,1,1,2,0,00,00000000,00b
469,469,0,00,00,0,00,1,1,2,0,00,00000000,00b
470,470,0,00,00,0,00,1,1,2,0,00,00000000,00b
471,471,0,00,00,0,00,1,1,2,0,00,00000000,00b
472,472,0,00,00,0,00,1,1,2,0,00,00000000,00b
473,473,0,00,00,0,00,1,1,2,0,00,00000000,00b
474,474,0,00,00,0,00,1,1,2,0,00,00000000,00b
475,475,0,00,00,0,00,1,1,2,0,00,00000000,00b
476,476,0,00,00,0,00,1,1,2,0,00,00000000,00b
477,477,0,00,00,0,00,1,1,2,0,00,00000000,00b
478,478,0,00,00,0,00,1,1,2,0,00,00000000,00b
479,479,0,00,00,0,00,1,1,2,0,00,00000000,00b
480,480,0,00,00,0,00,1,1,2,0,00,00000000,00b
481,481,0,00,00,0,00,1,1,2,0,00,00000000,00b
482,482,0,00,00,0,00,1,1,2,0,00,00000000,00b
483,483,0,00,00,0,00,1,1,2,0,00,00000000,00b
484,484,0,00,00,0,00,1,1,2,0,00,00000000,00b
485,485,0,00,00,0,00,1,1,2,0,00,00000000,00b
486,486,0,00,00,0,00,1,1,2,0,00,00000000,00b
487,487,0,00,00,0,00,1,1,2,0,00,00000000,00b
488,488,0,00,00,0,00,1,1,2,0,00,00000000,00b
489,489,0,00,00,0,00,1,1,2,0,00,00000000,00b
490,490,0,00,00,0,00,1,1,2,0,00,00000000,00b
491,491,0,00,00,0,00,1,1,2,0,00,00000000,00b
492,492,0,00,00,0,00,1,1,2,0,00,00000000,00b
493,493,0,00,00,0,00,1,1,2,0,00,00000000,00b
494,494,0,00,00,0,00,1,1,2,0,00,00000000,00b
495,495,0,00,00,0,00,1,1,2,0,00,00000000,00b
496,496,0,00,00,0,00,1,1,2,0,00,00000000,00b
497,497,0,00,00,0,00,1,1,2,0,00,00000000,00b
498,498,0,00,00,0,00,1,1,2,0,00,00000000,00b
499,499,0,00,00,0,00,1,1,2,0,00,00000000,00b
500,500,0,00,00,0,00,1,1,2,0,00,00000000,00b
501,501,0,00,00,0,00,1,1,2,0,00,00000000,00b
502,502,0,00,00,0,00,1,1,2,0,00,00000000,00b
503,503,0,00,00,0,00,1,1,2,0,00,00000000,00b
504,504,0,00,00,0,00,1,1,2,0,00,00000000,00b
505,505,0,00,00,0,00,1,1,2,0,00,00000000,00b
506,506,0,00,00,0,00,1,1,2,0,00,00000000,00b
507,507,0,00,00,0,00,1,1,2,0,00,00000000,00b
508,508,0,00,00,0,00,1,1,2,0,00,00000000,00b
509,509,0,00,00,0,00,1,1,2,0,00,00000000,00b
510,510,0,00,00,0,00,1,1,2,0,00,00000000,00b
511,511,0,00,00,0,00,1,1,2,0,00,00000000,00b
512,512,0,00,00,0,00,1,1,2,0,00,00000000,00b
513,513,0,00,00,0,00,1,1,2,0,00,00000000,00b
514,514,0,00,00,0,00,1,1,2,0,00,00000000,00b
515,515,0,00,00,0,00,1,1,2,0,00,00000000,00b
516,516,0,00,00,0,00,1,1,2,0,00,00000000,00b
517,517,0,00,00,0,00,1,1,2,0,00,00000000,00b
518,518,0,00,00,0,00,1,1,2,0,00,00000000,00b
519,519,0,00,00,0,00,1,1,2,0,00,00000000,00b
520,520,0,00,00,0,00,1,1,2,0,00,00000000,00b
521,521,0,00,00,0,00,1,1,2,0,00,00000000,00b
522,522,0,00,00,0,00,1,1,2,0,00,00000000,00b
523,523,0,00,00,0,00,1,1,2,0,00,00000000,00b
524,524,0,00,00,0,00,1,1,2,0,00,00000000,00b
525,525,0,00,00,0,00,1,1,2,0,00,00000000,00b
526,526,0,00,00,0,00,1,1,2,0,00,00000000,00b
527,527,0,00,00,0,00,1,1,2,0,00,00000000,00b
528,528,0,00,00,0,00,1,1,2,0,00,00000000,00b
529,529,0,00,00,0,00,1,1,2,0,00,00000000,00b
530,530,0,00,00,0,00,1,1,2,0,00,00000000,00b
531,531,0,00,00,0,00,1,1,2,0,00,00000000,00b
532,532,0,00,00,0,00,1,1,2,0,00,00000000,00b
533,533,0,00,00,0,00,1,1,2,0,00,00000000,00b
534,534,0,00,00,0,00,1,1,2,0,00,00000000,00b
535,535,0,00,00,0,00,1,1,2,0,00,00000000,00b
536,536,0,00,00,0,00,1,1,2,0,00,00000000,00b
537,537,0,00,00,0,00,1,1,2,0,00,00000000,00b
538,538,0,00,00,0,00,1,1,2,0,00,00000000,00b
539,539,0,00,00,0,00,1,1,2,0,00,00000000,00b
540,540,0,00,00,0,00,1,1,2,0,00,00000000,00b
541,541,0,00,00,0,00,1,1,2,0,00,00000000,00b
542,542,0,00,00,0,00,1,1,2,0,00,00000000,00b
543,543,0,00,00,0,00,1,1,2,0,00,00000000,00b
544,544,0,00,00,0,00,1,1,2,0,00,00000000,00b
545,545,0,00,00,0,00,1,1,2,0,00,00000000,00b
546,546,0,00,00,0,00,1,1,2,0,00,00000000,00b
547,547,0,00,00,0,00,1,1,2,0,00,00000000,00b
548,548,0,00,00,0,00,1,1,2,0,00,00000000,00b
549,549,0,00,00,0,00,1,1,2,0,00,00000000,00b
550,550,0,00,00,0,00,1,1,2,0,00,00000000,00b
551,551,0,00,00,0,00,1,1,2,0,00,00000000,00b
552,552,0,00,00,0,00,1,1,2,0,00,00000000,00b
553,553,0,00,00,0,00,1,1,2,0,00,00000000,00b
554,554,0,00,00,0,00,1,1,2,0,00,00000000,00b
555,555,0,00,00,0,00,1,1,2,0,00,00000000,00b
556,556,0,00,00,0,00,1,1,2,0,00,00000000,00b
557,557,0,00,00,0,00,1,1,2,0,00,00000000,00b
558,558,0,00,00,0,00,1,1,2,0,00,00000000,00b
559,559,0,00,00,0,00,1,1,2,0,00,00000000,00b
560,560,0,00,00,0,00,1,1,2,0,00,00000000,00b
561,561,0,00,00,0,00,1,1,2,0,00,00000000,00b
562,562,0,00,00,0,00,1,1,2,0,00,00000000,00b
563,563,0,00,00,0,00,1,1,2,0,00,00000000,00b
564,564,0,00,00,0,00,1,1,2,0,00,00000000,00b
565,565,0,00,00,0,00,1,1,2,0,00,00000000,00b
566,566,0,00,00,0,00,1,1,2,0,00,00000000,00b
567,567,0,00,00,0,00,1,1,2,0,00,00000000,00b
568,568,0,00,00,0,00,1,1,2,0,00,00000000,00b
569,569,0,00,00,0,00,1,1,2,0,00,00000000,00b
570,570,0,00,00,0,00,1,1,2,0,00,00000000,00b
571,571,0,00,00,0,00,1,1,2,0,00,00000000,00b
572,572,0,00,00,0,00,1,1,2,0,00,00000000,00b
573,573,0,00,01,0,00,1,1,2,0,00,00000000,00b
574,574,0,00,01,0,01,1,1,2,0,00,00000000,00b
575,575,0,00,01,0,00,1,1,2,0,00,00000000,00b
576,576,0,00,01,3,00,1,1,2,0,00,00000000,00b
577,577,0,00,01,3,00,1,1,2,0,00,00000000,00b
578,578,0,00,01,3,00,1,1,2,0,00,00000000,00b
579,579,0,00,01,3,00,1,1,2,0,00,00000000,00b
580,580,0,00,01,3,00,1,1,2,0,00,00000000,00b
581,581,0,00,01,3,00,1,1,2,0,00,00000000,00b
582,582,0,00,01,3,00,1,1,2,0,00,00000000,00b
583,583,0,00,01,4,00,1,1,2,0,00,00000000,00b
584,584,0,00,01,4,00,1,1,2,0,00,00000000,00b
585,585,0,00,01,4,00,1,1,2,0,00,00000000,00b
586,586,0,00,01,4,00,1,1,2,0,00,00000000,00b
587,587,0,00,01,4,00,1,1,2,0,00,00000000,00b
588,588,0,00,01,4,00,1,1,2,0,00,00000000,00b
589,589,0,00,01,4,00,1,1,2,0,00,00000000,00b
590,590,0,00,01,1,00,1,1,2,0,00,00000000,00b
591,591,0,00,01,1,00,1,1,2,0,00,00000000,00b
592,592,0,00,01,1,00,1,1,2,0,00,00000000,00b
593,593,0,00,01,1,00,1,1,2,0,00,00000000,00b
594,594,0,00,01,1,00,1,1,2,0,00,00000000,00b
595,595,0,00,01,1,00,1,1,2,0,00,00000000,00b
596,596,0,00,01,1,00,1,1,2,0,00,00000000,00b
597,597,0,00,01,2,00,1,1,2,0,00,00000000,00b
598,598,0,00,01,2,00,1,1,2,0,00,00000000,00b
599,599,0,00,01,2,00,1,1,2,0,00,00000000,00b
600,600,0,00,01,2,00,1,1,2,0,00,00000000,00b
601,601,0,00,01,2,00,1,1,2,0,00,00000000,00b
602,602,0,00,01,2,00,1,1,2,0,00,00000000,00b
603,603,0,00,01,2,00,1,1,2,0,00,00000000,00b
604,604,0,00,01,6,00,1,1,2,0,00,00000000,00b
605,605,0,00,01,6,00,1,1,2,0,00,00000000,00b
606,606,0,00,01,6,00,1,1,2,0,00,00000000,00b
607,607,0,00,01,6,00,1,1,2,0,00,00000000,00b
608,608,0,00,01,6,00,1,1,2,0,00,00000000,00b
609,609,0,00,01,6,00,1,1,2,0,00,00000000,00b
610,610,0,00,01,6,00,1,1,2,0,00,00000000,00b
611,611,0,00,01,7,00,1,1,2,0,00,00000000,00b
612,612,0,00,01,7,00,1,1,2,0,00,00000000,00b
613,613,0,00,01,7,00,1,1,2,0,00,00000000,00b
614,614,0,00,01,7,00,1,1,2,0,00,00000000,00b
615,615,0,00,01,7,00,1,1,2,0,00,00000000,00b
616,616,0,00,01,7,00,1,1,2,0,00,00000000,00b
617,617,0,00,01,7,00,1,1,2,0,00,00000000,00b
618,618,0,00,01,8,00,1,1,2,0,00,00000000,00b
619,619,0,00,01,8,00,1,1,2,0,00,00000000,00b
620,620,0,00,01,8,00,1,1,2,0,00,00000000,00b
621,621,0,00,01,8,00,1,1,2,0,00,00000000,00b
622,622,0,00,01,8,00,1,1,2,0,00,00000000,00b
623,623,0,00,01,8,00,1,1,2,0,00,00000000,00b
624,624,0,00,01,8,00,1,1,2,0,00,00000000,00b
625,625,0,00,01,9,00,1,1,2,0,00,00000000,00b
626,626,0,00,01,9,00,1,1,2,0,00,00000000,00b
627,627,0,00,01,9,00,1,1,2,0,00,00000000,00b
628,628,0,00,01,9,00,1,1,2,0,00,00000000,00b
629,629,0,00,01,9,00,1,1,2,0,00,00000000,00b
630,630,0,00,01,9,00,1,1,2,0,00,00000000,00b
631,631,0,00,01,9,00,1,1,2,0,00,00000000,00b
632,632,0,00,01,a,00,1,1,2,0,00,00000000,00b
633,633,0,00,01,a,00,1,1,2,0,00,00000000,00b
634,634,0,00,01,a,00,1,1,2,0,00,00000000,00b
635,635,0,00,01,a,00,1,1,2,0,00,00000000,00b
636,636,0,00,01,a,00,1,1,2,0,00,00000000,00b
637,637,0,00,01,a,00,1,1,2,0,00,00000000,00b
638,638,0,00,01,a,00,1,1,2,0,00,00000000,00b
639,639,0,00,01,b,00,1,1,2,0,00,00000000,00b
640,640,0,00,01,b,00,1,1,2,0,00,00000000,00b
641,641,0,00,01,b,00,1,1,2,0,00,00000000,00b
642,642,0,00,01,b,00,1,1,2,0,00,00000000,00b
643,643,0,00,01,b,00,1,1,2,0,00,00000000,00b
644,644,0,00,01,b,00,1,1,2,0,00,00000000,00b
645,645,0,00,01,b,00,1,1,2,0,00,00000000,00b
646,646,0,00,01,b,00,1,1,2,0,00,00000000,00b
647,647,0,00,01,b,00,1,1,2,0,00,00000000,00b
648,648,0,00,01,b,00,1,1,2,0,00,00000000,00b
649,649,0,00,01,b,00,1,1,2,0,00,00000000,00b
650,650,0,00,01,b,00,1,1,2,0,00,00000000,00b
651,651,0,00,01,b,00,1,1,2,0,00,00000000,00b
652,652,0,00,01,b,00,1,1,2,0,00,00000000,00b
653,653,0,00,01,b,00,1,1,2,0,00,00000000,00b
654,654,0,00,01,b,00,1,1,2,0,00,00000000,00b
655,655,0,00,01,b,00,1,1,2,0,00,00000000,00b
656,656,0,00,01,b,00,1,1,2,0,00,00000000,00b
657,657,0,00,01,b,00,1,1,2,0,00,00000000,00b
658,658,0,00,01,b,00,1,1,2,0,00,00000000,00b
659,659,0,00,01,b,00,1,1,2,0,00,00000000,00b
660,660,0,00,01,b,00,1,1,2,0,00,00000000,00b
661,661,0,00,01,b,00,1,1,2,0,00,00000000,00b
662,662,0,00,01,b,00,1,1,2,0,00,00000000,00b
663,663,0,00,01,b,00,1,1,2,0,00,00000000,00b
664,664,0,00,01,b,00,1,1,2,0,00,00000000,00b
665,665,0,00,01,b,00,1,1,2,0,00,00000000,00b
666,666,0,00,01,b,00,1,1,2,0,00,00000000,00b
667,667,0,00,01,b,00,1,1,2,0,00,00000000,00b
668,668,0,00,01,b,00,1,1,2,0,00,00000000,00b
669,669,0,00,01,b,00,1,1,2,0,00,00000000,00b
670,670,0,00,01,b,00,1,1,2,0,00,00000000,00b
671,671,0,00,01,b,00,1,1,2,0,00,00000000,00b
672,672,0,00,01,b,00,1,1,2,0,00,00000000,00b
673,673,0,00,01,b,00,1,1,2,0,00,00000000,00b
674,674,0,00,01,b,00,1,1,2,0,00,00000000,00b
675,675,0,00,01,b,00,1,1,2,0,00,00000000,00b
676,676,0,00,01,b,00,1,1,2,0,00,00000000,00b
677,677,0,00,01,b,00,1,1,2,0,00,00000000,00b
678,678,0,00,01,b,00,1,1,2,0,00,00000000,00b
679,679,0,00,01,b,00,1,1,2,0,00,00000000,00b
680,680,0,00,01,b,00,1,1,2,0,00,00000000,00b
681,681,0,00,01,b,00,1,1,2,0,00,00000000,00b
682,682,0,00,01,b,00,1,1,2,0,00,00000000,00b
683,683,0,00,01,b,00,1,1,2,0,00,00000000,00b
684,684,0,00,01,b,00,1,1,2,0,00,00000000,00b
685,685,0,00,01,b,00,1,1,2,0,00,00000000,00b
686,686,0,00,01,b,00,1,1,2,0,00,00000000,00b
687,687,0,00,01,b,00,1,1,2,0,00,00000000,00b
688,688,0,00,01,b,00,1,1,2,0,00,00000000,00b
689,689,0,00,01,b,00,1,1,2,0,00,00000000,00b
690,690,0,00,01,b,00,1,1,2,0,00,00000000,00b
691,691,0,00,01,b,00,1,1,2,0,00,00000000,00b
692,692,0,00,01,b,00,1,1,2,0,00,00000000,00b
693,693,0,00,01,b,00,1,1,2,0,00,00000000,00b
694,694,0,00,01,b,00,1,1,2,0,00,00000000,00b
695,695,0,00,01,b,00,1,1,2,0,00,00000000,00b
696,696,0,00,01,b,00,1,1,2,0,00,00000000,00b
697,697,0,00,01,b,00,1,1,2,0,00,00000000,00b
698,698,0,00,01,b,00,1,1,2,0,00,00000000,00b
699,699,0,00,01,b,00,1,1,2,0,00,00000000,00b
700,700,0,00,01,b,00,1,1,2,0,00,00000000,00b
701,701,0,00,01,b,00,1,1,2,0,00,00000000,00b
702,702,0,00,01,b,00,1,1,2,0,00,00000000,00b
703,703,0,00,01,b,00,1,1,2,0,00,00000000,00b
704,704,0,00,01,b,00,1,1,2,0,00,00000000,00b
705,705,0,00,01,b,00,1,1,2,0,00,00000000,00b
706,706,0,00,01,b,00,1,1,2,0,00,00000000,00b
707,707,0,00,01,b,00,1,1,2,0,00,00000000,00b
708,708,0,00,01,b,00,1,1,2,0,00,00000000,00b
709,709,0,00,01,b,00,1,1,2,0,00,00000000,00b
710,710,0,00,01,b,00,1,1,2,0,00,00000000,00b
711,711,0,00,01,b,00,1,1,2,0,00,00000000,00b
712,712,0,00,01,b,00,1,1,2,0,00,00000000,00b
713,713,0,00,01,b,00,1,1,2,0,00,00000000,00b
714,714,0,00,01,b,00,1,1,2,0,00,00000000,00b
715,715,0,00,01,b,00,1,1,2,0,00,00000000,00b
716,716,0,00,01,b,00,1,1,2,0,00,00000000,00b
717,717,0,00,01,b,00,1,1,2,0,00,00000000,00b
718,718,0,00,01,b,00,1,1,2,0,00,00000000,00b
719,719,0,00,01,b,00,1,1,2,0,00,00000000,00b
720,720,0,00,01,b,00,1,1,2,0,00,00000000,00b
721,721,0,00,01,b,00,1,1,2,0,00,00000000,00b
722,722,0,00,01,b,00,1,1,2,0,00,00000000,00b
723,723,0,00,01,b,00,1,1,2,0,00,00000000,00b
724,724,0,00,01,b,00,1,1,2,0,00,00000000,00b
725,725,0,00,01,b,00,1,1,2,0,00,00000000,00b
726,726,0,00,01,b,00,1,1,2,0,00,00000000,00b
727,727,0,00,01,b,00,1,1,2,0,00,00000000,00b
728,728,0,00,01,b,00,1,1,2,0,00,00000000,00b
729,729,0,00,01,b,00,1,1,2,0,00,00000000,00b
730,730,0,00,01,b,00,1,1,2,0,00,00000000,00b
731,731,0,00,01,b,00,1,1,2,0,00,00000000,00b
732,732,0,00,01,b,00,1,1,2,0,00,00000000,00b
733,733,0,00,01,b,00,1,1,2,0,00,00000000,00b
734,734,0,00,01,b,00,1,1,2,0,00,00000000,00b
735,735,0,00,01,b,00,1,1,2,0,00,00000000,00b
736,736,0,00,01,b,00,1,1,2,0,00,00000000,00b
737,737,0,00,01,b,00,1,1,2,0,00,00000000,00b
738,738,0,00,01,b,00,1,1,2,0,00,00000000,00b
739,739,0,00,01,b,00,1,1,2,0,00,00000000,00b
740,740,0,00,01,b,00,1,1,2,0,00,00000000,00b
741,741,0,00,01,b,00,1,1,2,0,00,00000000,00b
742,742,0,00,01,b,00,1,1,2,0,00,00000000,00b
743,743,0,00,01,b,00,1,1,2,0,00,00000000,00b
744,744,0,00,01,b,00,1,1,2,0,00,00000000,00b
745,745,0,00,01,b,00,1,1,2,0,00,00000000,00b
746,746,0,00,01,b,00,1,1,2,0,00,00000000,00b
747,747,0,00,01,b,00,1,1,2,0,00,00000000,00b
748,748,0,00,01,b,00,1,1,2,0,00,00000000,00b
749,749,0,00,01,b,00,1,1,2,0,00,00000000,00b
750,750,0,00,01,b,00,1,1,2,0,00,00000000,00b
751,751,0,00,01,b,00,1,1,2,0,00,00000000,00b
752,752,0,00,01,b,00,1,1,2,0,00,00000000,00b
753,753,0,00,01,b,00,1,1,2,0,00,00000000,00b
754,754,0,00,01,b,00,1,1,2,0,00,00000000,00b
755,755,0,00,01,b,00,1,1,2,0,00,00000000,00b
756,756,0,00,01,b,00,1,1,2,0,00,00000000,00b
757,757,0,00,01,b,00,1,1,2,0,00,00000000,00b
758,758,0,00,01,b,00,1,1,2,0,00,00000000,00b
759,759,0,00,01,b,00,1,1,2,0,00,00000000,00b
760,760,0,00,01,b,00,1,1,2,0,00,00000000,00b
761,761,0,00,01,b,00,1,1,2,0,00,00000000,00b
762,762,0,00,01,b,00,1,1,2,0,00,00000000,00b
763,763,0,00,01,b,00,1,1,2,0,00,00000000,00b
764,764,0,00,01,b,00,1,1,2,0,00,00000000,00b
765,765,0,00,01,b,00,1,1,2,0,00,00000000,00b
766,766,0,00,01,b,00,1,1,2,0,00,00000000,00b
767,767,0,00,01,b,00,1,1,2,0,00,00000000,00b
768,768,0,00,01,b,00,1,1,2,0,00,00000000,00b
769,769,0,00,01,b,00,1,1,2,0,00,00000000,00b
770,770,0,00,01,b,00,1,1,2,0,00,00000000,00b
771,771,0,00,01,b,00,1,1,2,0,00,00000000,00b
772,772,0,00,01,b,00,1,1,2,0,00,00000000,00b
773,773,0,00,01,b,00,1,1,2,0,00,00000000,00b
774,774,0,00,01,b,00,1,1,2,0,00,00000000,00b
775,775,0,00,01,b,00,1,1,2,0,00,00000000,00b
776,776,0,00,01,b,00,1,1,2,0,00,00000000,00b
777,777,0,00,01,b,00,1,1,2,0,00,00000000,00b
778,778,0,00,01,b,00,1,1,2,0,00,00000000,00b
779,779,0,00,01,b,00,1,1,2,0,00,00000000,00b
780,780,0,00,01,b,00,1,1,2,0,00,00000000,00b
781,781,0,00,01,b,00,1,1,2,0,00,00000000,00b
782,782,0,00,01,b,00,1,1,2,0,00,00000000,00b
783,783,0,00,01,b,00,1,1,2,0,00,00000000,00b
784,784,0,00,01,b,00,1,1,2,0,00,00000000,00b
785,785,0,00,01,b,00,1,1,2,0,00,00000000,00b
786,786,0,00,01,b,00,1,1,2,0,00,00000000,00b
787,787,0,00,01,b,00,1,1,2,0,00,00000000,00b
788,788,0,00,01,b,00,1,1,2,0,00,00000000,00b
789,789,0,00,01,b,00,1,1,2,0,00,00000000,00b
790,790,0,00,01,b,00,1,1,2,0,00,00000000,00b
791,791,0,00,01,b,00,1,1,2,0,00,00000000,00b
792,792,0,00,01,b,00,1,1,2,0,00,00000000,00b
793,793,0,00,01,b,00,1,1,2,0,00,00000000,00b
794,794,0,00,01,b,00,1,1,2,0,00,00000000,00b
795,795,0,00,01,b,00,1,1,2,0,00,00000000,00b
796,796,0,00,01,b,00,1,1,2,0,00,00000000,00b
797,797,0,00,01,b,00,1,1,2,0,00,00000000,00b
798,798,0,00,01,b,00,1,1,2,0,00,00000000,00b
799,799,0,00,01,b,00,1,1,2,0,00,00000000,00b
800,800,0,00,01,b,00,1,1,2,0,00,00000000,00b
801,801,0,00,01,b,00,1,1,2,0,00,00000000,00b
802,802,0,00,01,b,00,1,1,2,0,00,00000000,00b
803,803,0,00,01,b,00,1,1,2,0,00,00000000,00b
804,804,0,00,01,b,00,1,1,2,0,00,00000000,00b
805,805,0,00,01,b,00,1,1,2,0,00,00000000,00b
806,806,0,00,01,b,00,1,1,2,0,00,00000000,00b
807,807,0,00,01,b,00,1,1,2,0,00,00000000,00b
808,808,0,00,01,b,00,1,1,2,0,00,00000000,00b
809,809,0,00,01,b,00,1,1,2,0,00,00000000,00b
810,810,0,00,01,b,00,1,1,2,0,00,00000000,00b
811,811,0,00,01,b,00,1,1,2,0,00,00000000,00b
812,812,0,00,01,b,00,1,1,2,0,00,00000000,00b
813,813,0,00,01,b,00,1,1,2,0,00,00000000,00b
814,814,0,00,01,b,00,1,1,2,0,00,00000000,00b
815,815,0,00,01,b,00,1,1,2,0,00,00000000,00b
816,816,0,00,01,b,00,1,1,2,0,00,00000000,00b
817,817,0,00,01,b,00,1,1,2,0,00,00000000,00b
818,818,0,00,01,b,00,1,1,2,0,00,00000000,00b
819,819,0,00,01,b,00,1,1,2,0,00,00000000,00b
820,820,0,00,01,b,00,1,1,2,0,00,00000000,00b
821,821,0,00,01,b,00,1,1,2,0,00,00000000,00b
822,822,0,00,01,b,00,1,1,2,0,00,00000000,00b
823,823,0,00,01,b,00,1,1,2,0,00,00000000,00b
824,824,0,00,01,b,00,1,1,2,0,00,00000000,00b
825,825,0,00,01,b,00,1,1,2,0,00,00000000,00b
826,826,0,00,01,b,00,1,1,2,0,00,00000000,00b
827,827,0,00,01,b,00,1,1,2,0,00,00000000,00b
828,828,0,00,01,b,00,1,1,2,0,00,00000000,00b
829,829,0,00,01,b,00,1,1,2,0,00,00000000,00b
830,830,0,00,01,b,00,1,1,2,0,00,00000000,00b
831,831,0,00,01,b,00,1,1,2,0,00,00000000,00b
832,832,0,00,01,b,00,1,1,2,0,00,00000000,00b
833,833,0,00,01,b,00,1,1,2,0,00,00000000,00b
834,834,0,00,01,b,00,1,1,2,0,00,00000000,00b
835,835,0,00,01,b,00,1,1,2,0,00,00000000,00b
836,836,0,00,01,b,00,1,1,2,0,00,00000000,00b
837,837,0,00,01,b,00,1,1,2,0,00,00000000,00b
838,838,0,00,01,b,00,1,1,2,0,00,00000000,00b
839,839,0,00,01,b,00,1,1,2,0,00,00000000,00b
840,840,0,00,01,b,00,1,1,2,0,00,00000000,00b
841,841,0,00,01,b,00,1,1,2,0,00,00000000,00b
842,842,0,00,01,b,00,1,1,2,0,00,00000000,00b
843,843,0,00,01,b,00,1,1,2,0,00,00000000,00b
844,844,0,00,01,b,00,1,1,2,0,00,00000000,00b
845,845,0,00,01,b,00,1,1,2,0,00,00000000,00b
846,846,0,00,01,b,00,1,1,2,0,00,00000000,00b
847,847,0,00,01,b,00,1,1,2,0,00,00000000,00b
848,848,0,00,01,b,00,1,1,2,0,00,00000000,00b
849,849,0,00,01,b,00,1,1,2,0,00,00000000,00b
850,850,0,00,01,b,00,1,1,2,0,00,00000000,00b
851,851,0,00,01,b,00,1,1,2,0,00,00000000,00b
852,852,0,00,01,b,00,1,1,2,0,00,00000000,00b
853,853,0,00,01,b,00,1,1,2,0,00,00000000,00b
854,854,0,00,01,b,00,1,1,2,0,00,00000000,00b
855,855,0,00,01,b,00,1,1,2,0,00,00000000,00b
856,856,0,00,01,b,00,1,1,2,0,00,00000000,00b
857,857,0,00,01,b,00,1,1,2,0,00,00000000,00b
858,858,0,00,01,b,00,1,1,2,0,00,00000000,00b
859,859,0,00,01,b,00,1,1,2,0,00,00000000,00b
860,860,0,00,01,b,00,1,1,2,0,00,00000000,00b
861,861,0,00,01,b,00,1,1,2,0,00,00000000,00b
862,862,0,00,01,b,00,1,1,2,0,00,00000000,00b
863,863,0,00,01,b,00,1,1,2,0,00,00000000,00b
864,864,0,00,01,b,00,1,1,2,0,00,00000000,00b
865,865,0,00,01,b,00,1,1,2,0,00,00000000,00b
866,866,0,00,01,b,00,1,1,2,0,00,00000000,00b
867,867,0,00,01,b,00,1,1,2,0,00,00000000,00b
868,868,0,00,01,b,00,1,1,2,0,00,00000000,00b
869,869,0,00,01,b,00,1,1,2,0,00,00000000,00b
870,870,0,00,01,b,00,1,1,2,0,00,00000000,00b
871,871,0,00,01,b,00,1,1,2,0,00,00000000,00b
872,872,0,00,01,b,00,1,1,2,0,00,00000000,00b
873,873,0,00,01,b,00,1,1,2,0,00,00000000,00b
874,874,0,00,01,b,00,1,1,2,0,00,00000000,00b
875,875,0,00,01,b,00,1,1,2,0,00,00000000,00b
876,876,0,00,01,b,00,1,1,2,0,00,00000000,00b
877,877,0,00,01,b,00,1,1,2,0,00,00000000,00b
878,878,0,00,01,b,00,1,1,2,0,00,00000000,00b
879,879,0,00,01,b,00,1,1,2,0,00,00000000,00b
880,880,0,00,01,b,00,1,1,2,0,00,00000000,00b
881,881,0,00,01,b,00,1,1,2,0,00,00000000,00b
882,882,0,00,01,b,00,1,1,2,0,00,00000000,00b
883,883,0,00,01,b,00,1,1,2,0,00,00000000,00b
884,884,0,00,01,b,00,1,1,2,0,00,00000000,00b
885,885,0,00,01,b,00,1,1,2,0,00,00000000,00b
886,886,0,00,01,b,00,1,1,2,0,00,00000000,00b
887,887,0,00,01,b,00,1,1,2,0,00,00000000,00b
888,888,0,00,01,b,00,1,1,2,0,00,00000000,00b
889,889,0,00,01,b,00,1,1,2,0,00,00000000,00b
890,890,0,00,01,b,00,1,1,2,0,00,00000000,00b
891,891,0,00,01,b,00,1,1,2,0,00,00000000,00b
892,892,0,00,01,b,00,1,1,2,0,00,00000000,00b
893,893,0,00,01,b,00,1,1,2,0,00,00000000,00b
894,894,0,00,01,b,00,1,1,2,0,00,00000000,00b
895,895,0,00,01,b,00,1,1,2,0,00,00000000,00b
896,896,0,00,01,b,00,1,1,2,0,00,00000000,00b
897,897,0,00,01,b,00,1,1,2,0,00,00000000,00b
898,898,0,00,01,b,00,1,1,2,0,00,00000000,00b
899,899,0,00,01,b,00,1,1,2,0,00,00000000,00b
900,900,0,00,01,b,00,1,1,2,0,00,00000000,00b
901,901,0,00,01,b,00,1,1,2,0,00,00000000,00b
902,902,0,00,01,b,00,1,1,2,0,00,00000000,00b
903,903,0,00,01,b,00,1,1,2,0,00,00000000,00b
904,904,0,00,01,b,00,1,1,2,0,00,00000000,00b
905,905,0,00,01,b,00,1,1,2,0,00,00000000,00b
906,906,0,00,01,b,00,1,1,2,0,00,00000000,00b
907,907,0,00,01,b,00,1,1,2,0,00,00000000,00b
908,908,0,00,01,b,00,1,1,2,0,00,00000000,00b
909,909,0,00,01,b,00,1,1,2,0,00,00000000,00b
910,910,0,00,01,b,00,1,1,2,0,00,00000000,00b
911,911,0,00,01,b,00,1,1,2,0,00,00000000,00b
912,912,0,00,01,b,00,1,1,2,0,00,00000000,00b
913,913,0,00,01,b,00,1,1,2,0,00,00000000,00b
914,914,0,00,01,b,00,1,1,2,0,00,00000000,00b
915,915,0,00,01,b,00,1,1,2,0,00,00000000,00b
916,916,0,00,01,b,00,1,1,2,0,00,00000000,00b
917,917,0,00,01,b,00,1,1,2,0,00,00000000,00b
918,918,0,00,01,b,00,1,1,2,0,00,00000000,00b
919,919,0,00,01,b,00,1,1,2,0,00,00000000,00b
920,920,0,00,01,b,00,1,1,2,0,00,00000000,00b
921,921,0,00,01,b,00,1,1,2,0,00,00000000,00b
922,922,0,00,01,b,00,1,1,2,0,00,00000000,00b
923,923,0,00,01,b,00,1,1,2,0,00,00000000,00b
924,924,0,00,01,b,00,1,1,2,0,00,00000000,00b
925,925,0,00,01,b,00,1,1,2,0,00,00000000,00b
926,926,0,00,01,b,00,1,1,2,0,00,00000000,00b
927,927,0,00,01,b,00,1,1,2,0,00,00000000,00b
928,928,0,00,01,b,00,1,1,2,0,00,00000000,00b
929,929,0,00,01,b,00,1,1,2,0,00,00000000,00b
930,930,0,00,01,b,00,1,1,2,0,00,00000000,00b
931,931,0,00,01,b,00,1,1,2,0,00,00000000,00b
932,932,0,00,01,b,00,1,1,2,0,00,00000000,00b
933,933,0,00,01,b,00,1,1,2,0,00,00000000,00b
934,934,0,00,01,b,00,1,1,2,0,00,00000000,00b
935,935,0,00,01,b,00,1,1,2,0,00,00000000,00b
936,936,0,00,01,b,00,1,1,2,0,00,00000000,00b
937,937,0,00,01,b,00,1,1,2,0,00,00000000,00b
938,938,0,00,01,b,00,1,1,2,0,00,00000000,00b
939,939,0,00,01,b,00,1,1,2,0,00,00000000,00b
940,940,0,00,01,b,00,1,1,2,0,00,00000000,00b
941,941,0,00,01,b,00,1,1,2,0,00,00000000,00b
942,942,0,00,01,b,00,1,1,2,0,00,00000000,00b
943,943,0,00,01,b,00,1,1,2,0,00,00000000,00b
944,944,0,00,01,b,00,1,1,2,0,00,00000000,00b
945,945,0,00,01,b,00,1,1,2,0,00,00000000,00b
946,946,0,00,01,b,00,1,1,2,0,00,00000000,00b
947,947,0,00,01,b,00,1,1,2,0,00,00000000,00b
948,948,0,00,01,b,00,1,1,2,0,00,00000000,00b
949,949,0,00,01,b,00,1,1,2,0,00,00000000,00b
950,950,0,00,01,b,00,1,1,2,0,00,00000000,00b
951,951,0,00,01,b,00,1,1,2,0,00,00000000,00b
952,952,0,00,01,b,00,1,1,2,0,00,00000000,00b
953,953,0,00,01,b,00,1,1,2,0,00,00000000,00b
954,954,0,00,01,b,00,1,1,2,0,00,00000000,00b
955,955,0,00,01,b,00,1,1,2,0,00,00000000,00b
956,956,0,00,01,b,00,1,1,2,0,00,00000000,00b
957,957,0,00,01,b,00,1,1,2,0,00,00000000,00b
958,958,0,00,01,b,00,1,1,2,0,00,00000000,00b
959,959,0,00,01,b,00,1,1,2,0,00,00000000,00b
960,960,0,00,01,b,00,1,1,2,0,00,00000000,00b
961,961,0,00,01,b,00,1,1,2,0,00,00000000,00b
962,962,0,00,01,b,00,1,1,2,0,00,00000000,00b
963,963,0,00,01,b,00,1,1,2,0,00,00000000,00b
964,964,0,00,01,b,00,1,1,2,0,00,00000000,00b
965,965,0,00,01,b,00,1,1,2,0,00,00000000,00b
966,966,0,00,01,b,00,1,1,2,0,00,00000000,00b
967,967,0,00,01,b,00,1,1,2,0,00,00000000,00b
968,968,0,00,01,b,00,1,1,2,0,00,00000000,00b
969,969,0,00,01,b,00,1,1,2,0,00,00000000,00b
970,970,0,00,01,b,00,1,1,2,0,00,00000000,00b
971,971,0,00,01,b,00,1,1,2,0,00,00000000,00b
972,972,0,00,01,b,00,1,1,2,0,00,00000000,00b
973,973,0,00,01,b,00,1,1,2,0,00,00000000,00b
974,974,0,00,01,b,00,1,1,2,0,00,00000000,00b
975,975,0,00,01,b,00,1,1,2,0,00,00000000,00b
976,976,0,00,01,b,00,1,1,2,0,00,00000000,00b
977,977,0,00,01,b,00,1,1,2,0,00,00000000,00b
978,978,0,00,01,b,00,1,1,2,0,00,00000000,00b
979,979,0,00,01,b,00,1,1,2,0,00,00000000,00b
980,980,0,00,01,b,00,1,1,2,0,00,00000000,00b
981,981,0,00,01,b,00,1,1,2,0,00,00000000,00b
982,982,0,00,01,b,00,1,1,2,0,00,00000000,00b
983,983,0,00,01,b,00,1,1,2,0,00,00000000,00b
984,984,0,00,01,b,00,1,1,2,0,00,00000000,00b
985,985,0,00,01,b,00,1,1,2,0,00,00000000,00b
986,986,0,00,01,b,00,1,1,2,0,00,00000000,00b
987,987,0,00,01,b,00,1,1,2,0,00,00000000,00b
988,988,0,00,01,b,00,1,1,2,0,00,00000000,00b
989,989,0,00,01,b,00,1,1,2,0,00,00000000,00b
990,990,0,00,01,b,00,1,1,2,0,00,00000000,00b
991,991,0,00,01,b,00,1,1,2,0,00,00000000,00b
992,992,0,00,01,b,00,1,1,2,0,00,00000000,00b
993,993,0,00,01,b,00,1,1,2,0,00,00000000,00b
994,994,0,00,01,b,00,1,1,2,0,00,00000000,00b
995,995,0,00,01,b,00,1,1,2,0,00,00000000,00b
996,996,0,00,01,b,00,1,1,2,0,00,00000000,00b
997,997,0,00,01,b,00,1,1,2,0,00,00000000,00b
998,998,0,00,01,b,00,1,1,2,0,00,00000000,00b
999,999,0,00,01,b,00,1,1,2,0,00,00000000,00b
1000,1000,0,00,01,b,00,1,1,2,0,00,00000000,00b
1001,1001,0,00,01,b,00,1,1,2,0,00,00000000,00b
1002,1002,0,00,01,b,00,1,1,2,0,00,00000000,00b
1003,1003,0,00,01,b,00,1,1,2,0,00,00000000,00b
1004,1004,0,00,01,b,00,1,1,2,0,00,00000000,00b
1005,1005,0,00,01,b,00,1,1,2,0,00,00000000,00b
1006,1006,0,00,01,b,00,1,1,2,0,00,00000000,00b
1007,1007,0,00,01,b,00,1,1,2,0,00,00000000,00b
1008,1008,0,00,01,b,00,1,1,2,0,00,00000000,00b
1009,1009,0,00,01,b,00,1,1,2,0,00,00000000,00b
1010,1010,0,00,01,b,00,1,1,2,0,00,00000000,00b
1011,1011,0,00,01,b,00,1,1,2,0,00,00000000,00b
1012,1012,0,00,01,b,00,1,1,2,0,00,00000000,00b
1013,1013,0,00,01,b,00,1,1,2,0,00,00000000,00b
1014,1014,0,00,01,b,00,1,1,2,0,00,00000000,00b
1015,1015,0,00,01,b,00,1,1,2,0,00,00000000,00b
1016,1016,0,00,01,b,00,1,1,2,0,00,00000000,00b
1017,1017,0,00,01,b,00,1,1,2,0,00,00000000,00b
1018,1018,0,00,01,b,00,1,1,2,0,00,00000000,00b
1019,1019,0,00,01,b,00,1,1,2,0,00,00000000,00b
1020,1020,0,00,01,b,00,1,1,2,0,00,00000000,00b
1021,1021,0,00,01,b,00,1,1,2,0,00,00000000,00b
1022,1022,0,00,01,b,00,1,1,2,0,00,00000000,00b
1023,1023,0,00,01,b,00,1,1,2,0,00,00000000,00b
