Sample in Buffer,Sample in Window,TRIGGER,design_1_i/addrmonitor_0_state[2:0],design_1_i/addrmonitor_0_physicaladdr[31:0],design_1_i/addrmonitor_0_pmem_obj_offset[63:0],design_1_i/addrmonitor_0_virtualaddr_out[63:0],design_1_i/addrmonitor_0_count[5:0],design_1_i/xdma_0_axi_aresetn,design_1_i/addrmonitor_0_pmem_obj_offset_valid,design_1_i/addrmonitor_0_offset_count[3:0]
0,0,0,1,88082000,00007f299917e000,0000000000000000,20,1,0,d
1,1,0,1,88082000,00007f299917e000,0000000000000000,20,1,0,e
2,2,0,1,88082000,00007f299917e000,0000000000000000,20,1,0,f
3,3,0,1,88082000,00007f299917e000,0000000000000000,20,1,0,0
4,4,0,1,88082000,00007f299917e000,00007fbebdb7f000,20,1,0,1
5,5,0,1,88082000,00007f299917e000,00007fbebd97e000,20,1,0,2
6,6,0,1,88082000,00007f299917e000,0000000000000000,20,1,0,3
7,7,0,1,88082000,00007f299917e000,0000000000000000,20,1,0,4
8,8,0,1,88082000,00007f299917e000,0000000000000000,20,1,0,5
9,9,0,1,88082000,00007f299917e000,0000000000000000,20,1,0,6
10,10,0,1,88082000,00007f299917e000,0000000000000000,20,1,0,7
11,11,0,1,88082000,00007f299917e000,0000000000000000,20,1,0,8
12,12,0,1,88082000,00007f299917e000,0000000000000000,20,1,0,9
13,13,0,1,88082000,00007f299917e000,0000000000000000,20,1,0,a
14,14,0,1,88082000,00007f299917e000,0000000000000000,20,1,0,b
15,15,0,1,88082000,00007f299917e000,0000000000000000,20,1,0,c
16,16,0,1,88082000,00007f299917e000,0000000000000000,20,1,0,d
17,17,0,1,88082000,00007f299917e000,0000000000000000,20,1,0,e
18,18,0,1,88082000,00007f299917e000,0000000000000000,20,1,0,f
19,19,0,1,88082000,00007f299917e000,0000000000000000,20,1,0,0
20,20,0,1,88082000,00007f299917e000,00007fbebdb7f000,20,1,0,1
21,21,0,1,88082000,00007f299917e000,00007fbebd97e000,20,1,0,2
22,22,0,1,88082000,00007f299917e000,0000000000000000,20,1,0,3
23,23,0,1,88082000,00007f299917e000,0000000000000000,20,1,0,4
24,24,0,1,88082000,00007f299917e000,0000000000000000,20,1,0,5
25,25,0,1,88082000,00007f299917e000,0000000000000000,20,1,0,6
26,26,0,1,88082000,00007f299917e000,0000000000000000,20,1,0,7
27,27,0,1,88082000,00007f299917e000,0000000000000000,20,1,0,8
28,28,0,1,88082000,00007f299917e000,0000000000000000,20,1,0,9
29,29,0,1,88082000,00007f299917e000,0000000000000000,20,1,0,a
30,30,0,1,88082000,00007f299917e000,0000000000000000,20,1,0,b
31,31,0,1,88082000,00007f299917e000,0000000000000000,20,1,0,c
32,32,0,1,88082000,00007f299917e000,0000000000000000,20,1,0,d
33,33,0,1,88082000,00007f299917e000,0000000000000000,20,1,0,e
34,34,0,1,88082000,00007f299917e000,0000000000000000,20,1,0,f
35,35,0,1,88082000,00007f299917e000,0000000000000000,20,1,0,0
36,36,0,1,88082000,00007f299917e000,00007fbebdb7f000,20,1,0,1
37,37,0,1,88082000,00007f299917e000,00007fbebd97e000,20,1,0,2
38,38,0,1,88082000,00007f299917e000,0000000000000000,20,1,0,3
39,39,0,1,88082000,00007f299917e000,0000000000000000,20,1,0,4
40,40,0,1,88082000,00007f299917e000,0000000000000000,20,1,0,5
41,41,0,1,88082000,00007f299917e000,0000000000000000,20,1,0,6
42,42,0,1,88082000,00007f299917e000,0000000000000000,20,1,0,7
43,43,0,1,88082000,00007f299917e000,0000000000000000,20,1,0,8
44,44,0,1,88082000,00007f299917e000,0000000000000000,20,1,0,9
45,45,0,1,88082000,00007f299917e000,0000000000000000,20,1,0,a
46,46,0,1,88082000,00007f299917e000,0000000000000000,20,1,0,b
47,47,0,1,88082000,00007f299917e000,0000000000000000,20,1,0,c
48,48,0,1,88082000,00007f299917e000,0000000000000000,20,1,0,d
49,49,0,1,88082000,00007f299917e000,0000000000000000,20,1,0,e
50,50,0,1,88082000,00007f299917e000,0000000000000000,20,1,0,f
51,51,0,1,88082000,00007f299917e000,0000000000000000,20,1,0,0
52,52,0,1,88082000,00007f299917e000,00007fbebdb7f000,20,1,0,1
53,53,0,1,88082000,00007f299917e000,00007fbebd97e000,20,1,0,2
54,54,0,1,88082000,00007f299917e000,0000000000000000,20,1,0,3
55,55,0,1,88082000,00007f299917e000,0000000000000000,20,1,0,4
56,56,0,1,88082000,00007f299917e000,0000000000000000,20,1,0,5
57,57,0,1,88082000,00007f299917e000,0000000000000000,20,1,0,6
58,58,0,1,88082000,00007f299917e000,0000000000000000,20,1,0,7
59,59,0,1,88082000,00007f299917e000,0000000000000000,20,1,0,8
60,60,0,1,88082000,00007f299917e000,0000000000000000,20,1,0,9
61,61,0,1,88082000,00007f299917e000,0000000000000000,20,1,0,a
62,62,0,1,88082000,00007f299917e000,0000000000000000,20,1,0,b
63,63,0,1,88082000,00007f299917e000,0000000000000000,20,1,0,c
64,64,0,1,88082000,00007f299917e000,0000000000000000,20,1,0,d
65,65,0,1,88082000,00007f299917e000,0000000000000000,20,1,0,e
66,66,0,1,88082000,00007f299917e000,0000000000000000,20,1,0,f
67,67,0,1,88082000,00007f299917e000,0000000000000000,20,1,0,0
68,68,0,1,88082000,00007f299917e000,00007fbebdb7f000,20,1,0,1
69,69,0,1,88082000,00007f299917e000,00007fbebd97e000,20,1,0,2
70,70,0,1,88082000,00007f299917e000,0000000000000000,20,1,0,3
71,71,0,1,88082000,00007f299917e000,0000000000000000,20,1,0,4
72,72,0,1,88082000,00007f299917e000,0000000000000000,20,1,0,5
73,73,0,1,88082000,00007f299917e000,0000000000000000,20,1,0,6
74,74,0,1,88082000,00007f299917e000,0000000000000000,20,1,0,7
75,75,0,1,88082000,00007f299917e000,0000000000000000,20,1,0,8
76,76,0,1,88082000,00007f299917e000,0000000000000000,20,1,0,9
77,77,0,1,88082000,00007f299917e000,0000000000000000,20,1,0,a
78,78,0,1,88082000,00007f299917e000,0000000000000000,20,1,0,b
79,79,0,1,88082000,00007f299917e000,0000000000000000,20,1,0,c
80,80,0,1,88082000,00007f299917e000,0000000000000000,20,1,0,d
81,81,0,1,88082000,00007f299917e000,0000000000000000,20,1,0,e
82,82,0,1,88082000,00007f299917e000,0000000000000000,20,1,0,f
83,83,0,1,88082000,00007f299917e000,0000000000000000,20,1,0,0
84,84,0,1,88082000,00007f299917e000,00007fbebdb7f000,20,1,0,1
85,85,0,1,88082000,00007f299917e000,00007fbebd97e000,20,1,0,2
86,86,0,1,88082000,00007f299917e000,0000000000000000,20,1,0,3
87,87,0,1,88082000,00007f299917e000,0000000000000000,20,1,0,4
88,88,0,1,88082000,00007f299917e000,0000000000000000,20,1,0,5
89,89,0,1,88082000,00007f299917e000,0000000000000000,20,1,0,6
90,90,0,1,88082000,00007f299917e000,0000000000000000,20,1,0,7
91,91,0,1,88082000,00007f299917e000,0000000000000000,20,1,0,8
92,92,0,1,88082000,00007f299917e000,0000000000000000,20,1,0,9
93,93,0,1,88082000,00007f299917e000,0000000000000000,20,1,0,a
94,94,0,1,88082000,00007f299917e000,0000000000000000,20,1,0,b
95,95,0,1,88082000,00007f299917e000,0000000000000000,20,1,0,c
96,96,0,1,88082000,00007f299917e000,0000000000000000,20,1,0,d
97,97,0,1,88082000,00007f299917e000,0000000000000000,20,1,0,e
98,98,0,1,88082000,00007f299917e000,0000000000000000,20,1,0,f
99,99,0,1,88082000,00007f299917e000,0000000000000000,20,1,0,0
100,100,0,1,88082000,00007f299917e000,00007fbebdb7f000,20,1,0,1
101,101,0,1,88082000,00007f299917e000,00007fbebd97e000,20,1,0,2
102,102,0,1,88082000,00007f299917e000,0000000000000000,20,1,0,3
103,103,0,1,88082000,00007f299917e000,0000000000000000,20,1,0,4
104,104,0,1,88082000,00007f299917e000,0000000000000000,20,1,0,5
105,105,0,1,88082000,00007f299917e000,0000000000000000,20,1,0,6
106,106,0,1,88082000,00007f299917e000,0000000000000000,20,1,0,7
107,107,0,1,88082000,00007f299917e000,0000000000000000,20,1,0,8
108,108,0,1,88082000,00007f299917e000,0000000000000000,20,1,0,9
109,109,0,1,88082000,00007f299917e000,0000000000000000,20,1,0,a
110,110,1,1,88082000,00007fbeb9b7f000,0000000000000000,20,1,1,b
111,111,0,1,88082000,00007fbebdb7f000,0000000000000000,20,1,0,c
112,112,0,1,88082000,00007fbebd97e000,0000000000000000,20,1,1,d
113,113,0,1,88082000,00007fbebd97e000,0000000000000000,20,1,0,e
114,114,0,1,88082000,00007fbebd97e000,0000000000000000,20,1,0,f
115,115,0,1,88082000,00007fbebd97e000,0000000000000000,20,1,0,0
116,116,0,1,88082000,00007fbebd97e000,00007fbebdb7f000,20,1,0,1
117,117,0,1,88082000,00007fbebd97e000,00007fbebd97e000,20,1,0,2
118,118,0,1,88082000,00007fbebd97e000,0000000000000000,20,1,0,3
119,119,0,1,88082000,00007fbebd97e000,0000000000000000,20,1,0,4
120,120,0,1,88082000,00007fbebd97e000,0000000000000000,20,1,0,5
121,121,0,1,88082000,00007fbebd97e000,0000000000000000,20,1,0,6
122,122,0,1,88082000,00007fbebd97e000,0000000000000000,20,1,0,7
123,123,0,1,88082000,00007fbebd97e000,0000000000000000,20,1,0,8
124,124,0,1,88082000,00007fbebd97e000,0000000000000000,20,1,0,9
125,125,0,1,88082000,00007fbebd97e000,0000000000000000,20,1,0,a
126,126,0,1,88082000,00007fbebd97e000,0000000000000000,20,1,0,b
127,127,0,1,88082000,00007fbebd97e000,0000000000000000,20,1,0,c
128,128,0,1,88082000,00007fbebd97e000,0000000000000000,20,1,0,d
129,129,0,1,88082000,00007fbebd97e000,0000000000000000,20,1,0,e
130,130,0,1,88082000,00007fbebd97e000,0000000000000000,20,1,0,f
131,131,0,1,88082000,00007fbebd97e000,0000000000000000,20,1,0,0
132,132,0,1,88082000,00007fbebd97e000,00007fbebdb7f000,20,1,0,1
133,133,0,1,88082000,00007fbebd97e000,00007fbebd97e000,20,1,0,2
134,134,0,1,88082000,00007fbebd97e000,0000000000000000,20,1,0,3
135,135,0,1,88082000,00007fbebd97e000,0000000000000000,20,1,0,4
136,136,0,1,88082000,00007fbebd97e000,0000000000000000,20,1,0,5
137,137,0,1,88082000,00007fbebd97e000,0000000000000000,20,1,0,6
138,138,0,1,88082000,00007fbebd97e000,0000000000000000,20,1,0,7
139,139,0,1,88082000,00007fbebd97e000,0000000000000000,20,1,0,8
140,140,0,1,88082000,00007fbebd97e000,0000000000000000,20,1,0,9
141,141,0,1,88082000,00007fbebd97e000,0000000000000000,20,1,0,a
142,142,0,1,88082000,00007fbebd97e000,0000000000000000,20,1,0,b
143,143,0,1,88082000,00007fbebd97e000,0000000000000000,20,1,0,c
144,144,0,1,88082000,00007fbebd97e000,0000000000000000,20,1,0,d
145,145,0,1,88082000,00007fbebd97e000,0000000000000000,20,1,0,e
146,146,0,1,88082000,00007fbebd97e000,0000000000000000,20,1,0,f
147,147,0,1,88082000,00007fbebd97e000,0000000000000000,20,1,0,0
148,148,0,1,88082000,00007fbebd97e000,00007fbebdb7f000,20,1,0,1
149,149,0,1,88082000,00007fbebd97e000,00007fbebd97e000,20,1,0,2
150,150,0,1,88082000,00007fbebd97e000,0000000000000000,20,1,0,3
151,151,0,1,88082000,00007fbebd97e000,0000000000000000,20,1,0,4
152,152,0,1,88082000,00007fbebd97e000,0000000000000000,20,1,0,5
153,153,0,1,88082000,00007fbebd97e000,0000000000000000,20,1,0,6
154,154,0,1,88082000,00007fbebd97e000,0000000000000000,20,1,0,7
155,155,0,1,88082000,00007fbebd97e000,0000000000000000,20,1,0,8
156,156,0,1,88082000,00007fbebd97e000,0000000000000000,20,1,0,9
157,157,0,1,88082000,00007fbebd97e000,0000000000000000,20,1,0,a
158,158,0,1,88082000,00007fbebd97e000,0000000000000000,20,1,0,b
159,159,0,1,88082000,00007fbebd97e000,0000000000000000,20,1,0,c
160,160,0,1,88082000,00007fbebd97e000,0000000000000000,20,1,0,d
161,161,0,1,88082000,00007fbebd97e000,0000000000000000,20,1,0,e
162,162,0,1,88082000,00007fbebd97e000,0000000000000000,20,1,0,f
163,163,0,1,88082000,00007fbebd97e000,0000000000000000,20,1,0,0
164,164,0,1,88082000,00007fbebd97e000,00007fbebdb7f000,20,1,0,1
165,165,0,1,88082000,00007fbebd97e000,00007fbebd97e000,20,1,0,2
166,166,0,1,88082000,00007fbebd97e000,0000000000000000,20,1,0,3
167,167,0,1,88082000,00007fbebd97e000,0000000000000000,20,1,0,4
168,168,0,1,88082000,00007fbebd97e000,0000000000000000,20,1,0,5
169,169,0,1,88082000,00007fbebd97e000,0000000000000000,20,1,0,6
170,170,0,1,88082000,00007fbebd97e000,0000000000000000,20,1,0,7
171,171,0,1,88082000,00007fbebd97e000,0000000000000000,20,1,0,8
172,172,0,1,88082000,00007fbebd97e000,0000000000000000,20,1,0,9
173,173,0,1,88082000,00007fbebd97e000,0000000000000000,20,1,0,a
174,174,0,1,88082000,00007fbebd97e000,0000000000000000,20,1,0,b
175,175,0,1,88082000,00007fbebd97e000,0000000000000000,20,1,0,c
176,176,0,1,88082000,00007fbebd97e000,0000000000000000,20,1,0,d
177,177,0,1,88082000,00007fbebd97e000,0000000000000000,20,1,0,e
178,178,0,1,88082000,00007fbebd97e000,0000000000000000,20,1,0,f
179,179,0,1,88082000,00007fbebd97e000,0000000000000000,20,1,0,0
180,180,0,1,88082000,00007fbebd97e000,00007fbebdb7f000,20,1,0,1
181,181,0,1,88082000,00007fbebd97e000,00007fbebd97e000,20,1,0,2
182,182,0,1,88082000,00007fbebd97e000,0000000000000000,20,1,0,3
183,183,0,1,88082000,00007fbebd97e000,0000000000000000,20,1,0,4
184,184,0,1,88082000,00007fbebd97e000,0000000000000000,20,1,0,5
185,185,0,1,88082000,00007fbebd97e000,0000000000000000,20,1,0,6
186,186,0,1,88082000,00007fbebd97e000,0000000000000000,20,1,0,7
187,187,0,1,88082000,00007fbebd97e000,0000000000000000,20,1,0,8
188,188,0,1,88082000,00007fbebd97e000,0000000000000000,20,1,0,9
189,189,0,1,88082000,00007fbebd97e000,0000000000000000,20,1,0,a
190,190,0,1,88082000,00007fbebd97e000,0000000000000000,20,1,0,b
191,191,0,1,88082000,00007fbebd97e000,0000000000000000,20,1,0,c
192,192,0,1,88082000,00007fbebd97e000,0000000000000000,20,1,0,d
193,193,0,1,88082000,00007fbebd97e000,0000000000000000,20,1,0,e
194,194,0,1,88082000,00007fbebd97e000,0000000000000000,20,1,0,f
195,195,0,1,88082000,00007fbebd97e000,0000000000000000,20,1,0,0
196,196,0,1,88082000,00007fbebd97e000,00007fbebdb7f000,20,1,0,1
197,197,0,1,88082000,00007fbebd97e000,00007fbebd97e000,20,1,0,2
198,198,0,1,88082000,00007fbebd97e000,0000000000000000,20,1,0,3
199,199,0,1,88082000,00007fbebd97e000,0000000000000000,20,1,0,4
200,200,0,1,88082000,00007fbebd97e000,0000000000000000,20,1,0,5
201,201,0,1,88082000,00007fbebd97e000,0000000000000000,20,1,0,6
202,202,0,1,88082000,00007fbebd97e000,0000000000000000,20,1,0,7
203,203,0,1,88082000,00007fbebd97e000,0000000000000000,20,1,0,8
204,204,0,1,88082000,00007fbebd97e000,0000000000000000,20,1,0,9
205,205,0,1,88082000,00007fbebd97e000,0000000000000000,20,1,0,a
206,206,0,1,88082000,00007fbebd97e000,0000000000000000,20,1,0,b
207,207,0,1,88082000,00007fbebd97e000,0000000000000000,20,1,0,c
208,208,0,1,88082000,00007fbebd97e000,0000000000000000,20,1,0,d
209,209,0,1,88082000,00007fbebd97e000,0000000000000000,20,1,0,e
210,210,0,1,88082000,00007fbebd97e000,0000000000000000,20,1,0,f
211,211,0,1,88082000,00007fbebd97e000,0000000000000000,20,1,0,0
212,212,0,1,88082000,00007fbebd97e000,00007fbebdb7f000,20,1,0,1
213,213,0,1,88082000,00007fbebd97e000,00007fbebd97e000,20,1,0,2
214,214,0,1,88082000,00007fbebd97e000,0000000000000000,20,1,0,3
215,215,0,1,88082000,00007fbebd97e000,0000000000000000,20,1,0,4
216,216,0,1,88082000,00007fbebd97e000,0000000000000000,20,1,0,5
217,217,0,1,88082000,00007fbebd97e000,0000000000000000,20,1,0,6
218,218,0,1,88082000,00007fbebd97e000,0000000000000000,20,1,0,7
219,219,0,1,88082000,00007fbebd97e000,0000000000000000,20,1,0,8
220,220,0,1,88082000,00007fbebd97e000,0000000000000000,20,1,0,9
221,221,0,1,88082000,00007fbebd97e000,0000000000000000,20,1,0,a
222,222,0,1,88082000,00007fbebd97e000,0000000000000000,20,1,0,b
223,223,0,1,88082000,00007fbebd97e000,0000000000000000,20,1,0,c
224,224,0,1,88082000,00007fbebd97e000,0000000000000000,20,1,0,d
225,225,0,1,88082000,00007fbebd97e000,0000000000000000,20,1,0,e
226,226,0,1,88082000,00007fbebd97e000,0000000000000000,20,1,0,f
227,227,0,1,88082000,00007fbebd97e000,0000000000000000,20,1,0,0
228,228,0,1,88082000,00007fbebd97e000,00007fbebdb7f000,20,1,0,1
229,229,0,1,88082000,00007fbebd97e000,00007fbebd97e000,20,1,0,2
230,230,0,1,88082000,00007fbebd97e000,0000000000000000,20,1,0,3
231,231,0,1,88082000,00007fbebd97e000,0000000000000000,20,1,0,4
232,232,0,1,88082000,00007fbebd97e000,0000000000000000,20,1,0,5
233,233,0,1,88082000,00007fbebd97e000,0000000000000000,20,1,0,6
234,234,0,1,88082000,00007fbebd97e000,0000000000000000,20,1,0,7
235,235,0,1,88082000,00007fbebd97e000,0000000000000000,20,1,0,8
236,236,0,1,88082000,00007fbebd97e000,0000000000000000,20,1,0,9
237,237,0,1,88082000,00007fbebd97e000,0000000000000000,20,1,0,a
238,238,0,1,88082000,00007fbebd97e000,0000000000000000,20,1,0,b
239,239,0,1,88082000,00007fbebd97e000,0000000000000000,20,1,0,c
240,240,0,1,88082000,00007fbebd97e000,0000000000000000,20,1,0,d
241,241,0,1,88082000,00007fbebd97e000,0000000000000000,20,1,0,e
242,242,0,1,88082000,00007fbebd97e000,0000000000000000,20,1,0,f
243,243,0,1,88082000,00007fbebd97e000,0000000000000000,20,1,0,0
244,244,0,1,88082000,00007fbebd97e000,00007fbebdb7f000,20,1,0,1
245,245,0,1,88082000,00007fbebd97e000,00007fbebd97e000,20,1,0,2
246,246,0,1,88082000,00007fbebd97e000,0000000000000000,20,1,0,3
247,247,0,1,88082000,00007fbebd97e000,0000000000000000,20,1,0,4
248,248,0,1,88082000,00007fbebd97e000,0000000000000000,20,1,0,5
249,249,0,1,88082000,00007fbebd97e000,0000000000000000,20,1,0,6
250,250,0,1,88082000,00007fbebd97e000,0000000000000000,20,1,0,7
251,251,0,1,88082000,00007fbebd97e000,0000000000000000,20,1,0,8
252,252,0,1,88082000,00007fbebd97e000,0000000000000000,20,1,0,9
253,253,0,1,88082000,00007fbebd97e000,0000000000000000,20,1,0,a
254,254,0,1,88082000,00007fbebd97e000,0000000000000000,20,1,0,b
255,255,0,1,88082000,00007fbebd97e000,0000000000000000,20,1,0,c
256,256,0,1,88082000,00007fbebd97e000,0000000000000000,20,1,0,d
257,257,0,1,88082000,00007fbebd97e000,0000000000000000,20,1,0,e
258,258,0,1,88082000,00007fbebd97e000,0000000000000000,20,1,0,f
259,259,0,1,88082000,00007fbebd97e000,0000000000000000,20,1,0,0
260,260,0,1,88082000,00007fbebd97e000,00007fbebdb7f000,20,1,0,1
261,261,0,1,88082000,00007fbebd97e000,00007fbebd97e000,20,1,0,2
262,262,0,1,88082000,00007fbebd97e000,0000000000000000,20,1,0,3
263,263,0,1,88082000,00007fbebd97e000,0000000000000000,20,1,0,4
264,264,0,1,88082000,00007fbebd97e000,0000000000000000,20,1,0,5
265,265,0,1,88082000,00007fbebd97e000,0000000000000000,20,1,0,6
266,266,0,1,88082000,00007fbebd97e000,0000000000000000,20,1,0,7
267,267,0,1,88082000,00007fbebd97e000,0000000000000000,20,1,0,8
268,268,0,1,88082000,00007fbebd97e000,0000000000000000,20,1,0,9
269,269,0,1,88082000,00007fbebd97e000,0000000000000000,20,1,0,a
270,270,0,1,88082000,00007fbebd97e000,0000000000000000,20,1,0,b
271,271,0,1,88082000,00007fbebd97e000,0000000000000000,20,1,0,c
272,272,0,1,88082000,00007fbebd97e000,0000000000000000,20,1,0,d
273,273,0,1,88082000,00007fbebd97e000,0000000000000000,20,1,0,e
274,274,0,1,88082000,00007fbebd97e000,0000000000000000,20,1,0,f
275,275,0,1,88082000,00007fbebd97e000,0000000000000000,20,1,0,0
276,276,0,1,88082000,00007fbebd97e000,00007fbebdb7f000,20,1,0,1
277,277,0,1,88082000,00007fbebd97e000,00007fbebd97e000,20,1,0,2
278,278,0,1,88082000,00007fbebd97e000,0000000000000000,20,1,0,3
279,279,0,1,88082000,00007fbebd97e000,0000000000000000,20,1,0,4
280,280,0,1,88082000,00007fbebd97e000,0000000000000000,20,1,0,5
281,281,0,1,88082000,00007fbebd97e000,0000000000000000,20,1,0,6
282,282,0,1,88082000,00007fbebd97e000,0000000000000000,20,1,0,7
283,283,0,1,88082000,00007fbebd97e000,0000000000000000,20,1,0,8
284,284,0,1,88082000,00007fbebd97e000,0000000000000000,20,1,0,9
285,285,0,1,88082000,00007fbebd97e000,0000000000000000,20,1,0,a
286,286,0,1,88082000,00007fbebd97e000,0000000000000000,20,1,0,b
287,287,0,1,88082000,00007fbebd97e000,0000000000000000,20,1,0,c
288,288,0,1,88082000,00007fbebd97e000,0000000000000000,20,1,0,d
289,289,0,1,88082000,00007fbebd97e000,0000000000000000,20,1,0,e
290,290,0,1,88082000,00007fbebd97e000,0000000000000000,20,1,0,f
291,291,0,1,88082000,00007fbebd97e000,0000000000000000,20,1,0,0
292,292,0,1,88082000,00007fbebd97e000,00007fbebdb7f000,20,1,0,1
293,293,0,1,88082000,00007fbebd97e000,00007fbebd97e000,20,1,0,2
294,294,0,1,88082000,00007fbebd97e000,0000000000000000,20,1,0,3
295,295,0,1,88082000,00007fbebd97e000,0000000000000000,20,1,0,4
296,296,0,1,88082000,00007fbebd97e000,0000000000000000,20,1,0,5
297,297,0,1,88082000,00007fbebd97e000,0000000000000000,20,1,0,6
298,298,0,1,88082000,00007fbebd97e000,0000000000000000,20,1,0,7
299,299,0,1,88082000,00007fbebd97e000,0000000000000000,20,1,0,8
300,300,0,1,88082000,00007fbebd97e000,0000000000000000,20,1,0,9
301,301,0,1,88082000,00007fbebd97e000,0000000000000000,20,1,0,a
302,302,0,1,88082000,00007fbebd97e000,0000000000000000,20,1,0,b
303,303,0,1,88082000,00007fbebd97e000,0000000000000000,20,1,0,c
304,304,0,1,88082000,00007fbebd97e000,0000000000000000,20,1,0,d
305,305,0,1,88082000,00007fbebd97e000,0000000000000000,20,1,0,e
306,306,0,1,88082000,00007fbebd97e000,0000000000000000,20,1,0,f
307,307,0,1,88082000,00007fbebd97e000,0000000000000000,20,1,0,0
308,308,0,1,88082000,00007fbebd97e000,00007fbebdb7f000,20,1,0,1
309,309,0,1,88082000,00007fbebd97e000,00007fbebd97e000,20,1,0,2
310,310,0,1,88082000,00007fbebd97e000,0000000000000000,20,1,0,3
311,311,0,1,88082000,00007fbebd97e000,0000000000000000,20,1,0,4
312,312,0,1,88082000,00007fbebd97e000,0000000000000000,20,1,0,5
313,313,0,1,88082000,00007fbebd97e000,0000000000000000,20,1,0,6
314,314,0,1,88082000,00007fbebd97e000,0000000000000000,20,1,0,7
315,315,0,1,88082000,00007fbebd97e000,0000000000000000,20,1,0,8
316,316,0,1,88082000,00007fbebd97e000,0000000000000000,20,1,0,9
317,317,0,1,88082000,00007fbebd97e000,0000000000000000,20,1,0,a
318,318,0,1,88082000,00007fbebd97e000,0000000000000000,20,1,0,b
319,319,0,1,88082000,00007fbebd97e000,0000000000000000,20,1,0,c
320,320,0,1,88082000,00007fbebd97e000,0000000000000000,20,1,0,d
321,321,0,1,88082000,00007fbebd97e000,0000000000000000,20,1,0,e
322,322,0,1,88082000,00007fbebd97e000,0000000000000000,20,1,0,f
323,323,0,1,88082000,00007fbebd97e000,0000000000000000,20,1,0,0
324,324,0,1,88082000,00007fbebd97e000,00007fbebdb7f000,20,1,0,1
325,325,0,1,88082000,00007fbebd97e000,00007fbebd97e000,20,1,0,2
326,326,0,1,88082000,00007fbebd97e000,0000000000000000,20,1,0,3
327,327,0,1,88082000,00007fbebd97e000,0000000000000000,20,1,0,4
328,328,0,1,88082000,00007fbebd97e000,0000000000000000,20,1,0,5
329,329,0,1,88082000,00007fbebd97e000,0000000000000000,20,1,0,6
330,330,0,1,88082000,00007fbebd97e000,0000000000000000,20,1,0,7
331,331,0,1,88082000,00007fbebd97e000,0000000000000000,20,1,0,8
332,332,0,1,88082000,00007fbebd97e000,0000000000000000,20,1,0,9
333,333,0,1,88082000,00007fbebd97e000,0000000000000000,20,1,0,a
334,334,0,1,88082000,00007fbebd97e000,0000000000000000,20,1,0,b
335,335,0,1,88082000,00007fbebd97e000,0000000000000000,20,1,0,c
336,336,0,1,88082000,00007fbebd97e000,0000000000000000,20,1,0,d
337,337,0,1,88082000,00007fbebd97e000,0000000000000000,20,1,0,e
338,338,0,1,88082000,00007fbebd97e000,0000000000000000,20,1,0,f
339,339,0,1,88082000,00007fbebd97e000,0000000000000000,20,1,0,0
340,340,0,1,88082000,00007fbebd97e000,00007fbebdb7f000,20,1,0,1
341,341,0,1,88082000,00007fbebd97e000,00007fbebd97e000,20,1,0,2
342,342,0,1,88082000,00007fbebd97e000,0000000000000000,20,1,0,3
343,343,0,1,88082000,00007fbebd97e000,0000000000000000,20,1,0,4
344,344,0,1,88082000,00007fbebd97e000,0000000000000000,20,1,0,5
345,345,0,1,88082000,00007fbebd97e000,0000000000000000,20,1,0,6
346,346,0,1,88082000,00007fbebd97e000,0000000000000000,20,1,0,7
347,347,0,1,88082000,00007fbebd97e000,0000000000000000,20,1,0,8
348,348,0,1,88082000,00007fbebd97e000,0000000000000000,20,1,0,9
349,349,0,1,88082000,00007fbebd97e000,0000000000000000,20,1,0,a
350,350,0,1,88082000,00007fbebd97e000,0000000000000000,20,1,0,b
351,351,0,1,88082000,00007fbebd97e000,0000000000000000,20,1,0,c
352,352,0,1,88082000,00007fbebd97e000,0000000000000000,20,1,0,d
353,353,0,1,88082000,00007fbebd97e000,0000000000000000,20,1,0,e
354,354,0,1,88082000,00007fbebd97e000,0000000000000000,20,1,0,f
355,355,0,1,88082000,00007fbebd97e000,0000000000000000,20,1,0,0
356,356,0,1,88082000,00007fbebd97e000,00007fbebdb7f000,20,1,0,1
357,357,0,1,88082000,00007fbebd97e000,00007fbebd97e000,20,1,0,2
358,358,0,1,88082000,00007fbebd97e000,0000000000000000,20,1,0,3
359,359,0,1,88082000,00007fbebd97e000,0000000000000000,20,1,0,4
360,360,0,1,88082000,00007fbebd97e000,0000000000000000,20,1,0,5
361,361,0,1,88082000,00007fbebd97e000,0000000000000000,20,1,0,6
362,362,0,1,88082000,00007fbebd97e000,0000000000000000,20,1,0,7
363,363,0,1,88082000,00007fbebd97e000,0000000000000000,20,1,0,8
364,364,0,1,88082000,00007fbebd97e000,0000000000000000,20,1,0,9
365,365,0,1,88082000,00007fbebd97e000,0000000000000000,20,1,0,a
366,366,0,1,88082000,00007fbebd97e000,0000000000000000,20,1,0,b
367,367,0,1,88082000,00007fbebd97e000,0000000000000000,20,1,0,c
368,368,0,1,88082000,00007fbebd97e000,0000000000000000,20,1,0,d
369,369,0,1,88082000,00007fbebd97e000,0000000000000000,20,1,0,e
370,370,0,1,88082000,00007fbebd97e000,0000000000000000,20,1,0,f
371,371,0,1,88082000,00007fbebd97e000,0000000000000000,20,1,0,0
372,372,0,1,88082000,00007fbebd97e000,00007fbebdb7f000,20,1,0,1
373,373,0,1,88082000,00007fbebd97e000,00007fbebd97e000,20,1,0,2
374,374,0,1,88082000,00007fbebd97e000,0000000000000000,20,1,0,3
375,375,0,1,88082000,00007fbebd97e000,0000000000000000,20,1,0,4
376,376,0,1,88082000,00007fbebd97e000,0000000000000000,20,1,0,5
377,377,0,1,88082000,00007fbebd97e000,0000000000000000,20,1,0,6
378,378,0,1,88082000,00007fbebd97e000,0000000000000000,20,1,0,7
379,379,0,1,88082000,00007fbebd97e000,0000000000000000,20,1,0,8
380,380,0,1,88082000,00007fbebd97e000,0000000000000000,20,1,0,9
381,381,0,1,88082000,00007fbebd97e000,0000000000000000,20,1,0,a
382,382,0,1,88082000,00007fbebd97e000,0000000000000000,20,1,0,b
383,383,0,1,88082000,00007fbebd97e000,0000000000000000,20,1,0,c
384,384,0,1,88082000,00007fbebd97e000,0000000000000000,20,1,0,d
385,385,0,1,88082000,00007fbebd97e000,0000000000000000,20,1,0,e
386,386,0,1,88082000,00007fbebd97e000,0000000000000000,20,1,0,f
387,387,0,1,88082000,00007fbebd97e000,0000000000000000,20,1,0,0
388,388,0,1,88082000,00007fbebd97e000,00007fbebdb7f000,20,1,0,1
389,389,0,1,88082000,00007fbebd97e000,00007fbebd97e000,20,1,0,2
390,390,0,1,88082000,00007fbebd97e000,0000000000000000,20,1,0,3
391,391,0,1,88082000,00007fbebd97e000,0000000000000000,20,1,0,4
392,392,0,1,88082000,00007fbebd97e000,0000000000000000,20,1,0,5
393,393,0,1,88082000,00007fbebd97e000,0000000000000000,20,1,0,6
394,394,0,1,88082000,00007fbebd97e000,0000000000000000,20,1,0,7
395,395,0,1,88082000,00007fbebd97e000,0000000000000000,20,1,0,8
396,396,0,1,88082000,00007fbebd97e000,0000000000000000,20,1,0,9
397,397,0,1,88082000,00007fbebd97e000,0000000000000000,20,1,0,a
398,398,0,1,88082000,00007fbebd97e000,0000000000000000,20,1,0,b
399,399,0,1,88082000,00007fbebd97e000,0000000000000000,20,1,0,c
400,400,0,1,88082000,00007fbebd97e000,0000000000000000,20,1,0,d
401,401,0,1,88082000,00007fbebd97e000,0000000000000000,20,1,0,e
402,402,0,1,88082000,00007fbebd97e000,0000000000000000,20,1,0,f
403,403,0,1,88082000,00007fbebd97e000,0000000000000000,20,1,0,0
404,404,0,1,88082000,00007fbebd97e000,00007fbebdb7f000,20,1,0,1
405,405,0,1,88082000,00007fbebd97e000,00007fbebd97e000,20,1,0,2
406,406,0,1,88082000,00007fbebd97e000,0000000000000000,20,1,0,3
407,407,0,1,88082000,00007fbebd97e000,0000000000000000,20,1,0,4
408,408,0,1,88082000,00007fbebd97e000,0000000000000000,20,1,0,5
409,409,0,1,88082000,00007fbebd97e000,0000000000000000,20,1,0,6
410,410,0,1,88082000,00007fbebd97e000,0000000000000000,20,1,0,7
411,411,0,1,88082000,00007fbebd97e000,0000000000000000,20,1,0,8
412,412,0,1,88082000,00007fbebd97e000,0000000000000000,20,1,0,9
413,413,0,1,88082000,00007fbebd97e000,0000000000000000,20,1,0,a
414,414,0,1,88082000,00007fbebd97e000,0000000000000000,20,1,0,b
415,415,0,1,88082000,00007fbebd97e000,0000000000000000,20,1,0,c
416,416,0,1,88082000,00007fbebd97e000,0000000000000000,20,1,0,d
417,417,0,1,88082000,00007fbebd97e000,0000000000000000,20,1,0,e
418,418,0,1,88082000,00007fbebd97e000,0000000000000000,20,1,0,f
419,419,0,1,88082000,00007fbebd97e000,0000000000000000,20,1,0,0
420,420,0,1,88082000,00007fbebd97e000,00007fbebdb7f000,20,1,0,1
421,421,0,1,88082000,00007fbebd97e000,00007fbebd97e000,20,1,0,2
422,422,0,1,88082000,00007fbebd97e000,0000000000000000,20,1,0,3
423,423,0,1,88082000,00007fbebd97e000,0000000000000000,20,1,0,4
424,424,0,1,88082000,00007fbebd97e000,0000000000000000,20,1,0,5
425,425,0,1,88082000,00007fbebd97e000,0000000000000000,20,1,0,6
426,426,0,1,88082000,00007fbebd97e000,0000000000000000,20,1,0,7
427,427,0,1,88082000,00007fbebd97e000,0000000000000000,20,1,0,8
428,428,0,1,88082000,00007fbebd97e000,0000000000000000,20,1,0,9
429,429,0,1,88082000,00007fbebd97e000,0000000000000000,20,1,0,a
430,430,0,1,88082000,00007fbebd97e000,0000000000000000,20,1,0,b
431,431,0,1,88082000,00007fbebd97e000,0000000000000000,20,1,0,c
432,432,0,1,88082000,00007fbebd97e000,0000000000000000,20,1,0,d
433,433,0,1,88082000,00007fbebd97e000,0000000000000000,20,1,0,e
434,434,0,1,88082000,00007fbebd97e000,0000000000000000,20,1,0,f
435,435,0,1,88082000,00007fbebd97e000,0000000000000000,20,1,0,0
436,436,0,1,88082000,00007fbebd97e000,00007fbebdb7f000,20,1,0,1
437,437,0,1,88082000,00007fbebd97e000,00007fbebd97e000,20,1,0,2
438,438,0,1,88082000,00007fbebd97e000,0000000000000000,20,1,0,3
439,439,0,1,88082000,00007fbebd97e000,0000000000000000,20,1,0,4
440,440,0,1,88082000,00007fbebd97e000,0000000000000000,20,1,0,5
441,441,0,1,88082000,00007fbebd97e000,0000000000000000,20,1,0,6
442,442,0,1,88082000,00007fbebd97e000,0000000000000000,20,1,0,7
443,443,0,1,88082000,00007fbebd97e000,0000000000000000,20,1,0,8
444,444,0,1,88082000,00007fbebd97e000,0000000000000000,20,1,0,9
445,445,0,1,88082000,00007fbebd97e000,0000000000000000,20,1,0,a
446,446,0,1,88082000,00007fbebd97e000,0000000000000000,20,1,0,b
447,447,0,1,88082000,00007fbebd97e000,0000000000000000,20,1,0,c
448,448,0,1,88082000,00007fbebd97e000,0000000000000000,20,1,0,d
449,449,0,1,88082000,00007fbebd97e000,0000000000000000,20,1,0,e
450,450,0,1,88082000,00007fbebd97e000,0000000000000000,20,1,0,f
451,451,0,1,88082000,00007fbebd97e000,0000000000000000,20,1,0,0
452,452,0,1,88082000,00007fbebd97e000,00007fbebdb7f000,20,1,0,1
453,453,0,1,88082000,00007fbebd97e000,00007fbebd97e000,20,1,0,2
454,454,0,1,88082000,00007fbebd97e000,0000000000000000,20,1,0,3
455,455,0,1,88082000,00007fbebd97e000,0000000000000000,20,1,0,4
456,456,0,1,88082000,00007fbebd97e000,0000000000000000,20,1,0,5
457,457,0,1,88082000,00007fbebd97e000,0000000000000000,20,1,0,6
458,458,0,1,88082000,00007fbebd97e000,0000000000000000,20,1,0,7
459,459,0,1,88082000,00007fbebd97e000,0000000000000000,20,1,0,8
460,460,0,1,88082000,00007fbebd97e000,0000000000000000,20,1,0,9
461,461,0,1,88082000,00007fbebd97e000,0000000000000000,20,1,0,a
462,462,0,1,88082000,00007fbebd97e000,0000000000000000,20,1,0,b
463,463,0,1,88082000,00007fbebd97e000,0000000000000000,20,1,0,c
464,464,0,1,88082000,00007fbebd97e000,0000000000000000,20,1,0,d
465,465,0,1,88082000,00007fbebd97e000,0000000000000000,20,1,0,e
466,466,0,1,88082000,00007fbebd97e000,0000000000000000,20,1,0,f
467,467,0,1,88082000,00007fbebd97e000,0000000000000000,20,1,0,0
468,468,0,1,88082000,00007fbebd97e000,00007fbebdb7f000,20,1,0,1
469,469,0,1,88082000,00007fbebd97e000,00007fbebd97e000,20,1,0,2
470,470,0,1,88082000,00007fbebd97e000,0000000000000000,20,1,0,3
471,471,0,1,88082000,00007fbebd97e000,0000000000000000,20,1,0,4
472,472,0,1,88082000,00007fbebd97e000,0000000000000000,20,1,0,5
473,473,0,1,88082000,00007fbebd97e000,0000000000000000,20,1,0,6
474,474,0,1,88082000,00007fbebd97e000,0000000000000000,20,1,0,7
475,475,0,1,88082000,00007fbebd97e000,0000000000000000,20,1,0,8
476,476,0,1,88082000,00007fbebd97e000,0000000000000000,20,1,0,9
477,477,0,1,88082000,00007fbebd97e000,0000000000000000,20,1,0,a
478,478,0,1,88082000,00007fbebd97e000,0000000000000000,20,1,0,b
479,479,0,1,88082000,00007fbebd97e000,0000000000000000,20,1,0,c
480,480,0,1,88082000,00007fbebd97e000,0000000000000000,20,1,0,d
481,481,0,1,88082000,00007fbebd97e000,0000000000000000,20,1,0,e
482,482,0,1,88082000,00007fbebd97e000,0000000000000000,20,1,0,f
483,483,0,1,88082000,00007fbebd97e000,0000000000000000,20,1,0,0
484,484,0,1,88082000,00007fbebd97e000,00007fbebdb7f000,20,1,0,1
485,485,0,1,88082000,00007fbebd97e000,00007fbebd97e000,20,1,0,2
486,486,0,1,88082000,00007fbebd97e000,0000000000000000,20,1,0,3
487,487,0,1,88082000,00007fbebd97e000,0000000000000000,20,1,0,4
488,488,0,1,88082000,00007fbebd97e000,0000000000000000,20,1,0,5
489,489,0,1,88082000,00007fbebd97e000,0000000000000000,20,1,0,6
490,490,0,1,88082000,00007fbebd97e000,0000000000000000,20,1,0,7
491,491,0,1,88082000,00007fbebd97e000,0000000000000000,20,1,0,8
492,492,0,1,88082000,00007fbebd97e000,0000000000000000,20,1,0,9
493,493,0,1,88082000,00007fbebd97e000,0000000000000000,20,1,0,a
494,494,0,1,88082000,00007fbebd97e000,0000000000000000,20,1,0,b
495,495,0,1,88082000,00007fbebd97e000,0000000000000000,20,1,0,c
496,496,0,1,88082000,00007fbebd97e000,0000000000000000,20,1,0,d
497,497,0,1,88082000,00007fbebd97e000,0000000000000000,20,1,0,e
498,498,0,1,88082000,00007fbebd97e000,0000000000000000,20,1,0,f
499,499,0,1,88082000,00007fbebd97e000,0000000000000000,20,1,0,0
500,500,0,1,88082000,00007fbebd97e000,00007fbebdb7f000,20,1,0,1
501,501,0,1,88082000,00007fbebd97e000,00007fbebd97e000,20,1,0,2
502,502,0,1,88082000,00007fbebd97e000,0000000000000000,20,1,0,3
503,503,0,1,88082000,00007fbebd97e000,0000000000000000,20,1,0,4
504,504,0,1,88082000,00007fbebd97e000,0000000000000000,20,1,0,5
505,505,0,1,88082000,00007fbebd97e000,0000000000000000,20,1,0,6
506,506,0,1,88082000,00007fbebd97e000,0000000000000000,20,1,0,7
507,507,0,1,88082000,00007fbebd97e000,0000000000000000,20,1,0,8
508,508,0,1,88082000,00007fbebd97e000,0000000000000000,20,1,0,9
509,509,0,1,88082000,00007fbebd97e000,0000000000000000,20,1,0,a
510,510,0,1,88082000,00007fbebd97e000,0000000000000000,20,1,0,b
511,511,0,1,88082000,00007fbebd97e000,0000000000000000,20,1,0,c
512,512,0,1,88082000,00007fbebd97e000,0000000000000000,20,1,0,d
513,513,0,1,88082000,00007fbebd97e000,0000000000000000,20,1,0,e
514,514,0,1,88082000,00007fbebd97e000,0000000000000000,20,1,0,f
515,515,0,1,88082000,00007fbebd97e000,0000000000000000,20,1,0,0
516,516,0,1,88082000,00007fbebd97e000,00007fbebdb7f000,20,1,0,1
517,517,0,1,88082000,00007fbebd97e000,00007fbebd97e000,20,1,0,2
518,518,0,1,88082000,00007fbebd97e000,0000000000000000,20,1,0,3
519,519,0,1,88082000,00007fbebd97e000,0000000000000000,20,1,0,4
520,520,0,1,88082000,00007fbebd97e000,0000000000000000,20,1,0,5
521,521,0,1,88082000,00007fbebd97e000,0000000000000000,20,1,0,6
522,522,0,1,88082000,00007fbebd97e000,0000000000000000,20,1,0,7
523,523,0,1,88082000,00007fbebd97e000,0000000000000000,20,1,0,8
524,524,0,1,88082000,00007fbebd97e000,0000000000000000,20,1,0,9
525,525,0,1,88082000,00007fbebd97e000,0000000000000000,20,1,0,a
526,526,0,1,88082000,00007fbebd97e000,0000000000000000,20,1,0,b
527,527,0,1,88082000,00007fbebd97e000,0000000000000000,20,1,0,c
528,528,0,1,88082000,00007fbebd97e000,0000000000000000,20,1,0,d
529,529,0,1,88082000,00007fbebd97e000,0000000000000000,20,1,0,e
530,530,0,1,88082000,00007fbebd97e000,0000000000000000,20,1,0,f
531,531,0,1,88082000,00007fbebd97e000,0000000000000000,20,1,0,0
532,532,0,1,88082000,00007fbebd97e000,00007fbebdb7f000,20,1,0,1
533,533,0,1,88082000,00007fbebd97e000,00007fbebd97e000,20,1,0,2
534,534,0,1,88082000,00007fbebd97e000,0000000000000000,20,1,0,3
535,535,0,1,88082000,00007fbebd97e000,0000000000000000,20,1,0,4
536,536,0,1,88082000,00007fbebd97e000,0000000000000000,20,1,0,5
537,537,0,1,88082000,00007fbebd97e000,0000000000000000,20,1,0,6
538,538,0,1,88082000,00007fbebd97e000,0000000000000000,20,1,0,7
539,539,0,1,88082000,00007fbebd97e000,0000000000000000,20,1,0,8
540,540,0,1,88082000,00007fbebd97e000,0000000000000000,20,1,0,9
541,541,0,1,88082000,00007fbebd97e000,0000000000000000,20,1,0,a
542,542,0,1,88082000,00007fbebd97e000,0000000000000000,20,1,0,b
543,543,0,1,88082000,00007fbebd97e000,0000000000000000,20,1,0,c
544,544,0,1,88082000,00007fbebd97e000,0000000000000000,20,1,0,d
545,545,0,1,88082000,00007fbebd97e000,0000000000000000,20,1,0,e
546,546,0,1,88082000,00007fbebd97e000,0000000000000000,20,1,0,f
547,547,0,1,88082000,00007fbebd97e000,0000000000000000,20,1,0,0
548,548,0,1,88082000,00007fbebd97e000,00007fbebdb7f000,20,1,0,1
549,549,0,1,88082000,00007fbebd97e000,00007fbebd97e000,20,1,0,2
550,550,0,1,88082000,00007fbebd97e000,0000000000000000,20,1,0,3
551,551,0,1,88082000,00007fbebd97e000,0000000000000000,20,1,0,4
552,552,0,1,88082000,00007fbebd97e000,0000000000000000,20,1,0,5
553,553,0,1,88082000,00007fbebd97e000,0000000000000000,20,1,0,6
554,554,0,1,88082000,00007fbebd97e000,0000000000000000,20,1,0,7
555,555,0,1,88082000,00007fbebd97e000,0000000000000000,20,1,0,8
556,556,0,1,88082000,00007fbebd97e000,0000000000000000,20,1,0,9
557,557,0,1,88082000,00007fbebd97e000,0000000000000000,20,1,0,a
558,558,0,1,88082000,00007fbebd97e000,0000000000000000,20,1,0,b
559,559,0,1,88082000,00007fbebd97e000,0000000000000000,20,1,0,c
560,560,0,1,88082000,00007fbebd97e000,0000000000000000,20,1,0,d
561,561,0,1,88082000,00007fbebd97e000,0000000000000000,20,1,0,e
562,562,0,1,88082000,00007fbebd97e000,0000000000000000,20,1,0,f
563,563,0,1,88082000,00007fbebd97e000,0000000000000000,20,1,0,0
564,564,0,1,88082000,00007fbebd97e000,00007fbebdb7f000,20,1,0,1
565,565,0,1,88082000,00007fbebd97e000,00007fbebd97e000,20,1,0,2
566,566,0,1,88082000,00007fbebd97e000,0000000000000000,20,1,0,3
567,567,0,1,88082000,00007fbebd97e000,0000000000000000,20,1,0,4
568,568,0,1,88082000,00007fbebd97e000,0000000000000000,20,1,0,5
569,569,0,1,88082000,00007fbebd97e000,0000000000000000,20,1,0,6
570,570,0,1,88082000,00007fbebd97e000,0000000000000000,20,1,0,7
571,571,0,1,88082000,00007fbebd97e000,0000000000000000,20,1,0,8
572,572,0,1,88082000,00007fbebd97e000,0000000000000000,20,1,0,9
573,573,0,1,88082000,00007fbebd97e000,0000000000000000,20,1,0,a
574,574,0,1,88082000,00007fbebd97e000,0000000000000000,20,1,0,b
575,575,0,1,88082000,00007fbebd97e000,0000000000000000,20,1,0,c
576,576,0,1,88082000,00007fbebd97e000,0000000000000000,20,1,0,d
577,577,0,1,88082000,00007fbebd97e000,0000000000000000,20,1,0,e
578,578,0,1,88082000,00007fbebd97e000,0000000000000000,20,1,0,f
579,579,0,1,88082000,00007fbebd97e000,0000000000000000,20,1,0,0
580,580,0,1,88082000,00007fbebd97e000,00007fbebdb7f000,20,1,0,1
581,581,0,1,88082000,00007fbebd97e000,00007fbebd97e000,20,1,0,2
582,582,0,1,88082000,00007fbebd97e000,0000000000000000,20,1,0,3
583,583,0,1,88082000,00007fbebd97e000,0000000000000000,20,1,0,4
584,584,0,1,88082000,00007fbebd97e000,0000000000000000,20,1,0,5
585,585,0,1,88082000,00007fbebd97e000,0000000000000000,20,1,0,6
586,586,0,1,88082000,00007fbebd97e000,0000000000000000,20,1,0,7
587,587,0,1,88082000,00007fbebd97e000,0000000000000000,20,1,0,8
588,588,0,1,88082000,00007fbebd97e000,0000000000000000,20,1,0,9
589,589,0,1,88082000,00007fbebd97e000,0000000000000000,20,1,0,a
590,590,0,1,88082000,00007fbebd97e000,0000000000000000,20,1,0,b
591,591,0,1,88082000,00007fbebd97e000,0000000000000000,20,1,0,c
592,592,0,1,88082000,00007fbebd97e000,0000000000000000,20,1,0,d
593,593,0,1,88082000,00007fbebd97e000,0000000000000000,20,1,0,e
594,594,0,1,88082000,00007fbebd97e000,0000000000000000,20,1,0,f
595,595,0,1,88082000,00007fbebd97e000,0000000000000000,20,1,0,0
596,596,0,1,88082000,00007fbebd97e000,00007fbebdb7f000,20,1,0,1
597,597,0,1,88082000,00007fbebd97e000,00007fbebd97e000,20,1,0,2
598,598,0,1,88082000,00007fbebd97e000,0000000000000000,20,1,0,3
599,599,0,1,88082000,00007fbebd97e000,0000000000000000,20,1,0,4
600,600,0,1,88082000,00007fbebd97e000,0000000000000000,20,1,0,5
601,601,0,1,88082000,00007fbebd97e000,0000000000000000,20,1,0,6
602,602,0,1,88082000,00007fbebd97e000,0000000000000000,20,1,0,7
603,603,0,1,88082000,00007fbebd97e000,0000000000000000,20,1,0,8
604,604,0,1,88082000,00007fbebd97e000,0000000000000000,20,1,0,9
605,605,0,1,88082000,00007fbebd97e000,0000000000000000,20,1,0,a
606,606,0,1,88082000,00007fbebd97e000,0000000000000000,20,1,0,b
607,607,0,1,88082000,00007fbebd97e000,0000000000000000,20,1,0,c
608,608,0,1,88082000,00007fbebd97e000,0000000000000000,20,1,0,d
609,609,0,1,88082000,00007fbebd97e000,0000000000000000,20,1,0,e
610,610,0,1,88082000,00007fbebd97e000,0000000000000000,20,1,0,f
611,611,0,1,88082000,00007fbebd97e000,0000000000000000,20,1,0,0
612,612,0,1,88082000,00007fbebd97e000,00007fbebdb7f000,20,1,0,1
613,613,0,1,88082000,00007fbebd97e000,00007fbebd97e000,20,1,0,2
614,614,0,1,88082000,00007fbebd97e000,0000000000000000,20,1,0,3
615,615,0,1,88082000,00007fbebd97e000,0000000000000000,20,1,0,4
616,616,0,1,88082000,00007fbebd97e000,0000000000000000,20,1,0,5
617,617,0,1,88082000,00007fbebd97e000,0000000000000000,20,1,0,6
618,618,0,1,88082000,00007fbebd97e000,0000000000000000,20,1,0,7
619,619,0,1,88082000,00007fbebd97e000,0000000000000000,20,1,0,8
620,620,0,1,88082000,00007fbebd97e000,0000000000000000,20,1,0,9
621,621,0,1,88082000,00007fbebd97e000,0000000000000000,20,1,0,a
622,622,0,1,88082000,00007fbebd97e000,0000000000000000,20,1,0,b
623,623,0,1,88082000,00007fbebd97e000,0000000000000000,20,1,0,c
624,624,0,1,88082000,00007fbebd97e000,0000000000000000,20,1,0,d
625,625,0,1,88082000,00007fbebd97e000,0000000000000000,20,1,0,e
626,626,0,1,88082000,00007fbebd97e000,0000000000000000,20,1,0,f
627,627,0,1,88082000,00007fbebd97e000,0000000000000000,20,1,0,0
628,628,0,1,88082000,00007fbebd97e000,00007fbebdb7f000,20,1,0,1
629,629,0,1,88082000,00007fbebd97e000,00007fbebd97e000,20,1,0,2
630,630,0,1,88082000,00007fbebd97e000,0000000000000000,20,1,0,3
631,631,0,1,88082000,00007fbebd97e000,0000000000000000,20,1,0,4
632,632,0,1,88082000,00007fbebd97e000,0000000000000000,20,1,0,5
633,633,0,1,88082000,00007fbebd97e000,0000000000000000,20,1,0,6
634,634,0,1,88082000,00007fbebd97e000,0000000000000000,20,1,0,7
635,635,0,1,88082000,00007fbebd97e000,0000000000000000,20,1,0,8
636,636,0,1,88082000,00007fbebd97e000,0000000000000000,20,1,0,9
637,637,0,1,88082000,00007fbebd97e000,0000000000000000,20,1,0,a
638,638,0,1,88082000,00007fbebd97e000,0000000000000000,20,1,0,b
639,639,0,1,88082000,00007fbebd97e000,0000000000000000,20,1,0,c
640,640,0,1,88082000,00007fbebd97e000,0000000000000000,20,1,0,d
641,641,0,1,88082000,00007fbebd97e000,0000000000000000,20,1,0,e
642,642,0,1,88082000,00007fbebd97e000,0000000000000000,20,1,0,f
643,643,0,1,88082000,00007fbebd97e000,0000000000000000,20,1,0,0
644,644,0,1,88082000,00007fbebd97e000,00007fbebdb7f000,20,1,0,1
645,645,0,1,88082000,00007fbebd97e000,00007fbebd97e000,20,1,0,2
646,646,0,1,88082000,00007fbebd97e000,0000000000000000,20,1,0,3
647,647,0,1,88082000,00007fbebd97e000,0000000000000000,20,1,0,4
648,648,0,1,88082000,00007fbebd97e000,0000000000000000,20,1,0,5
649,649,0,1,88082000,00007fbebd97e000,0000000000000000,20,1,0,6
650,650,0,1,88082000,00007fbebd97e000,0000000000000000,20,1,0,7
651,651,0,1,88082000,00007fbebd97e000,0000000000000000,20,1,0,8
652,652,0,1,88082000,00007fbebd97e000,0000000000000000,20,1,0,9
653,653,0,1,88082000,00007fbebd97e000,0000000000000000,20,1,0,a
654,654,0,1,88082000,00007fbebd97e000,0000000000000000,20,1,0,b
655,655,0,1,88082000,00007fbebd97e000,0000000000000000,20,1,0,c
656,656,0,1,88082000,00007fbebd97e000,0000000000000000,20,1,0,d
657,657,0,1,88082000,00007fbebd97e000,0000000000000000,20,1,0,e
658,658,0,1,88082000,00007fbebd97e000,0000000000000000,20,1,0,f
659,659,0,1,88082000,00007fbebd97e000,0000000000000000,20,1,0,0
660,660,0,1,88082000,00007fbebd97e000,00007fbebdb7f000,20,1,0,1
661,661,0,1,88082000,00007fbebd97e000,00007fbebd97e000,20,1,0,2
662,662,0,1,88082000,00007fbebd97e000,0000000000000000,20,1,0,3
663,663,0,1,88082000,00007fbebd97e000,0000000000000000,20,1,0,4
664,664,0,1,88082000,00007fbebd97e000,0000000000000000,20,1,0,5
665,665,0,1,88082000,00007fbebd97e000,0000000000000000,20,1,0,6
666,666,0,1,88082000,00007fbebd97e000,0000000000000000,20,1,0,7
667,667,0,1,88082000,00007fbebd97e000,0000000000000000,20,1,0,8
668,668,0,1,88082000,00007fbebd97e000,0000000000000000,20,1,0,9
669,669,0,1,88082000,00007fbebd97e000,0000000000000000,20,1,0,a
670,670,0,1,88082000,00007fbebd97e000,0000000000000000,20,1,0,b
671,671,0,1,88082000,00007fbebd97e000,0000000000000000,20,1,0,c
672,672,0,1,88082000,00007fbebd97e000,0000000000000000,20,1,0,d
673,673,0,1,88082000,00007fbebd97e000,0000000000000000,20,1,0,e
674,674,0,1,88082000,00007fbebd97e000,0000000000000000,20,1,0,f
675,675,0,1,88082000,00007fbebd97e000,0000000000000000,20,1,0,0
676,676,0,1,88082000,00007fbebd97e000,00007fbebdb7f000,20,1,0,1
677,677,0,1,88082000,00007fbebd97e000,00007fbebd97e000,20,1,0,2
678,678,0,1,88082000,00007fbebd97e000,0000000000000000,20,1,0,3
679,679,0,1,88082000,00007fbebd97e000,0000000000000000,20,1,0,4
680,680,0,1,88082000,00007fbebd97e000,0000000000000000,20,1,0,5
681,681,0,1,88082000,00007fbebd97e000,0000000000000000,20,1,0,6
682,682,0,1,88082000,00007fbebd97e000,0000000000000000,20,1,0,7
683,683,0,1,88082000,00007fbebd97e000,0000000000000000,20,1,0,8
684,684,0,1,88082000,00007fbebd97e000,0000000000000000,20,1,0,9
685,685,0,1,88082000,00007fbebd97e000,0000000000000000,20,1,0,a
686,686,0,1,88082000,00007fbebd97e000,0000000000000000,20,1,0,b
687,687,0,1,88082000,00007fbebd97e000,0000000000000000,20,1,0,c
688,688,0,1,88082000,00007fbebd97e000,0000000000000000,20,1,0,d
689,689,0,1,88082000,00007fbebd97e000,0000000000000000,20,1,0,e
690,690,0,1,88082000,00007fbebd97e000,0000000000000000,20,1,0,f
691,691,0,1,88082000,00007fbebd97e000,0000000000000000,20,1,0,0
692,692,0,1,88082000,00007fbebd97e000,00007fbebdb7f000,20,1,0,1
693,693,0,1,88082000,00007fbebd97e000,00007fbebd97e000,20,1,0,2
694,694,0,1,88082000,00007fbebd97e000,0000000000000000,20,1,0,3
695,695,0,1,88082000,00007fbebd97e000,0000000000000000,20,1,0,4
696,696,0,1,88082000,00007fbebd97e000,0000000000000000,20,1,0,5
697,697,0,1,88082000,00007fbebd97e000,0000000000000000,20,1,0,6
698,698,0,1,88082000,00007fbebd97e000,0000000000000000,20,1,0,7
699,699,0,1,88082000,00007fbebd97e000,0000000000000000,20,1,0,8
700,700,0,1,88082000,00007fbebd97e000,0000000000000000,20,1,0,9
701,701,0,1,88082000,00007fbebd97e000,0000000000000000,20,1,0,a
702,702,0,1,88082000,00007fbebd97e000,0000000000000000,20,1,0,b
703,703,0,1,88082000,00007fbebd97e000,0000000000000000,20,1,0,c
704,704,0,1,88082000,00007fbebd97e000,0000000000000000,20,1,0,d
705,705,0,1,88082000,00007fbebd97e000,0000000000000000,20,1,0,e
706,706,0,1,88082000,00007fbebd97e000,0000000000000000,20,1,0,f
707,707,0,1,88082000,00007fbebd97e000,0000000000000000,20,1,0,0
708,708,0,1,88082000,00007fbebd97e000,00007fbebdb7f000,20,1,0,1
709,709,0,1,88082000,00007fbebd97e000,00007fbebd97e000,20,1,0,2
710,710,0,1,88082000,00007fbebd97e000,0000000000000000,20,1,0,3
711,711,0,1,88082000,00007fbebd97e000,0000000000000000,20,1,0,4
712,712,0,1,88082000,00007fbebd97e000,0000000000000000,20,1,0,5
713,713,0,1,88082000,00007fbebd97e000,0000000000000000,20,1,0,6
714,714,0,1,88082000,00007fbebd97e000,0000000000000000,20,1,0,7
715,715,0,1,88082000,00007fbebd97e000,0000000000000000,20,1,0,8
716,716,0,1,88082000,00007fbebd97e000,0000000000000000,20,1,0,9
717,717,0,1,88082000,00007fbebd97e000,0000000000000000,20,1,0,a
718,718,0,1,88082000,00007fbebd97e000,0000000000000000,20,1,0,b
719,719,0,1,88082000,00007fbebd97e000,0000000000000000,20,1,0,c
720,720,0,1,88082000,00007fbebd97e000,0000000000000000,20,1,0,d
721,721,0,1,88082000,00007fbebd97e000,0000000000000000,20,1,0,e
722,722,0,1,88082000,00007fbebd97e000,0000000000000000,20,1,0,f
723,723,0,1,88082000,00007fbebd97e000,0000000000000000,20,1,0,0
724,724,0,1,88082000,00007fbebd97e000,00007fbebdb7f000,20,1,0,1
725,725,0,1,88082000,00007fbebd97e000,00007fbebd97e000,20,1,0,2
726,726,0,1,88082000,00007fbebd97e000,0000000000000000,20,1,0,3
727,727,0,1,88082000,00007fbebd97e000,0000000000000000,20,1,0,4
728,728,0,1,88082000,00007fbebd97e000,0000000000000000,20,1,0,5
729,729,0,1,88082000,00007fbebd97e000,0000000000000000,20,1,0,6
730,730,0,1,88082000,00007fbebd97e000,0000000000000000,20,1,0,7
731,731,0,1,88082000,00007fbebd97e000,0000000000000000,20,1,0,8
732,732,0,1,88082000,00007fbebd97e000,0000000000000000,20,1,0,9
733,733,0,1,88082000,00007fbebd97e000,0000000000000000,20,1,0,a
734,734,0,1,88082000,00007fbebd97e000,0000000000000000,20,1,0,b
735,735,0,1,88082000,00007fbebd97e000,0000000000000000,20,1,0,c
736,736,0,1,88082000,00007fbebd97e000,0000000000000000,20,1,0,d
737,737,0,1,88082000,00007fbebd97e000,0000000000000000,20,1,0,e
738,738,0,1,88082000,00007fbebd97e000,0000000000000000,20,1,0,f
739,739,0,1,88082000,00007fbebd97e000,0000000000000000,20,1,0,0
740,740,0,1,88082000,00007fbebd97e000,00007fbebdb7f000,20,1,0,1
741,741,0,1,88082000,00007fbebd97e000,00007fbebd97e000,20,1,0,2
742,742,0,1,88082000,00007fbebd97e000,0000000000000000,20,1,0,3
743,743,0,1,88082000,00007fbebd97e000,0000000000000000,20,1,0,4
744,744,0,1,88082000,00007fbebd97e000,0000000000000000,20,1,0,5
745,745,0,1,88082000,00007fbebd97e000,0000000000000000,20,1,0,6
746,746,0,1,88082000,00007fbebd97e000,0000000000000000,20,1,0,7
747,747,0,1,88082000,00007fbebd97e000,0000000000000000,20,1,0,8
748,748,0,1,88082000,00007fbebd97e000,0000000000000000,20,1,0,9
749,749,0,1,88082000,00007fbebd97e000,0000000000000000,20,1,0,a
750,750,0,1,88082000,00007fbebd97e000,0000000000000000,20,1,0,b
751,751,0,1,88082000,00007fbebd97e000,0000000000000000,20,1,0,c
752,752,0,1,88082000,00007fbebd97e000,0000000000000000,20,1,0,d
753,753,0,1,88082000,00007fbebd97e000,0000000000000000,20,1,0,e
754,754,0,1,88082000,00007fbebd97e000,0000000000000000,20,1,0,f
755,755,0,1,88082000,00007fbebd97e000,0000000000000000,20,1,0,0
756,756,0,1,88082000,00007fbebd97e000,00007fbebdb7f000,20,1,0,1
757,757,0,1,88082000,00007fbebd97e000,00007fbebd97e000,20,1,0,2
758,758,0,1,88082000,00007fbebd97e000,0000000000000000,20,1,0,3
759,759,0,1,88082000,00007fbebd97e000,0000000000000000,20,1,0,4
760,760,0,1,88082000,00007fbebd97e000,0000000000000000,20,1,0,5
761,761,0,1,88082000,00007fbebd97e000,0000000000000000,20,1,0,6
762,762,0,1,88082000,00007fbebd97e000,0000000000000000,20,1,0,7
763,763,0,1,88082000,00007fbebd97e000,0000000000000000,20,1,0,8
764,764,0,1,88082000,00007fbebd97e000,0000000000000000,20,1,0,9
765,765,0,1,88082000,00007fbebd97e000,0000000000000000,20,1,0,a
766,766,0,1,88082000,00007fbebd97e000,0000000000000000,20,1,0,b
767,767,0,1,88082000,00007fbebd97e000,0000000000000000,20,1,0,c
768,768,0,1,88082000,00007fbebd97e000,0000000000000000,20,1,0,d
769,769,0,1,88082000,00007fbebd97e000,0000000000000000,20,1,0,e
770,770,0,1,88082000,00007fbebd97e000,0000000000000000,20,1,0,f
771,771,0,1,88082000,00007fbebd97e000,0000000000000000,20,1,0,0
772,772,0,1,88082000,00007fbebd97e000,00007fbebdb7f000,20,1,0,1
773,773,0,1,88082000,00007fbebd97e000,00007fbebd97e000,20,1,0,2
774,774,0,1,88082000,00007fbebd97e000,0000000000000000,20,1,0,3
775,775,0,1,88082000,00007fbebd97e000,0000000000000000,20,1,0,4
776,776,0,1,88082000,00007fbebd97e000,0000000000000000,20,1,0,5
777,777,0,1,88082000,00007fbebd97e000,0000000000000000,20,1,0,6
778,778,0,1,88082000,00007fbebd97e000,0000000000000000,20,1,0,7
779,779,0,1,88082000,00007fbebd97e000,0000000000000000,20,1,0,8
780,780,0,1,88082000,00007fbebd97e000,0000000000000000,20,1,0,9
781,781,0,1,88082000,00007fbebd97e000,0000000000000000,20,1,0,a
782,782,0,1,88082000,00007fbebd97e000,0000000000000000,20,1,0,b
783,783,0,1,88082000,00007fbebd97e000,0000000000000000,20,1,0,c
784,784,0,1,88082000,00007fbebd97e000,0000000000000000,20,1,0,d
785,785,0,1,88082000,00007fbebd97e000,0000000000000000,20,1,0,e
786,786,0,1,88082000,00007fbebd97e000,0000000000000000,20,1,0,f
787,787,0,1,88082000,00007fbebd97e000,0000000000000000,20,1,0,0
788,788,0,1,88082000,00007fbebd97e000,00007fbebdb7f000,20,1,0,1
789,789,0,1,88082000,00007fbebd97e000,00007fbebd97e000,20,1,0,2
790,790,0,1,88082000,00007fbebd97e000,0000000000000000,20,1,0,3
791,791,0,1,88082000,00007fbebd97e000,0000000000000000,20,1,0,4
792,792,0,1,88082000,00007fbebd97e000,0000000000000000,20,1,0,5
793,793,0,1,88082000,00007fbebd97e000,0000000000000000,20,1,0,6
794,794,0,1,88082000,00007fbebd97e000,0000000000000000,20,1,0,7
795,795,0,1,88082000,00007fbebd97e000,0000000000000000,20,1,0,8
796,796,0,1,88082000,00007fbebd97e000,0000000000000000,20,1,0,9
797,797,0,1,88082000,00007fbebd97e000,0000000000000000,20,1,0,a
798,798,0,1,88082000,00007fbebd97e000,0000000000000000,20,1,0,b
799,799,0,1,88082000,00007fbebd97e000,0000000000000000,20,1,0,c
800,800,0,1,88082000,00007fbebd97e000,0000000000000000,20,1,0,d
801,801,0,1,88082000,00007fbebd97e000,0000000000000000,20,1,0,e
802,802,0,1,88082000,00007fbebd97e000,0000000000000000,20,1,0,f
803,803,0,1,88082000,00007fbebd97e000,0000000000000000,20,1,0,0
804,804,0,1,88082000,00007fbebd97e000,00007fbebdb7f000,20,1,0,1
805,805,0,1,88082000,00007fbebd97e000,00007fbebd97e000,20,1,0,2
806,806,0,1,88082000,00007fbebd97e000,0000000000000000,20,1,0,3
807,807,0,1,88082000,00007fbebd97e000,0000000000000000,20,1,0,4
808,808,0,1,88082000,00007fbebd97e000,0000000000000000,20,1,0,5
809,809,0,1,88082000,00007fbebd97e000,0000000000000000,20,1,0,6
810,810,0,1,88082000,00007fbebd97e000,0000000000000000,20,1,0,7
811,811,0,1,88082000,00007fbebd97e000,0000000000000000,20,1,0,8
812,812,0,1,88082000,00007fbebd97e000,0000000000000000,20,1,0,9
813,813,0,1,88082000,00007fbebd97e000,0000000000000000,20,1,0,a
814,814,0,1,88082000,00007fbebd97e000,0000000000000000,20,1,0,b
815,815,0,1,88082000,00007fbebd97e000,0000000000000000,20,1,0,c
816,816,0,1,88082000,00007fbebd97e000,0000000000000000,20,1,0,d
817,817,0,1,88082000,00007fbebd97e000,0000000000000000,20,1,0,e
818,818,0,1,88082000,00007fbebd97e000,0000000000000000,20,1,0,f
819,819,0,1,88082000,00007fbebd97e000,0000000000000000,20,1,0,0
820,820,0,1,88082000,00007fbebd97e000,00007fbebdb7f000,20,1,0,1
821,821,0,1,88082000,00007fbebd97e000,00007fbebd97e000,20,1,0,2
822,822,0,1,88082000,00007fbebd97e000,0000000000000000,20,1,0,3
823,823,0,1,88082000,00007fbebd97e000,0000000000000000,20,1,0,4
824,824,0,1,88082000,00007fbebd97e000,0000000000000000,20,1,0,5
825,825,0,1,88082000,00007fbebd97e000,0000000000000000,20,1,0,6
826,826,0,1,88082000,00007fbebd97e000,0000000000000000,20,1,0,7
827,827,0,1,88082000,00007fbebd97e000,0000000000000000,20,1,0,8
828,828,0,1,88082000,00007fbebd97e000,0000000000000000,20,1,0,9
829,829,0,1,88082000,00007fbebd97e000,0000000000000000,20,1,0,a
830,830,0,1,88082000,00007fbebd97e000,0000000000000000,20,1,0,b
831,831,0,1,88082000,00007fbebd97e000,0000000000000000,20,1,0,c
832,832,0,1,88082000,00007fbebd97e000,0000000000000000,20,1,0,d
833,833,0,1,88082000,00007fbebd97e000,0000000000000000,20,1,0,e
834,834,0,1,88082000,00007fbebd97e000,0000000000000000,20,1,0,f
835,835,0,1,88082000,00007fbebd97e000,0000000000000000,20,1,0,0
836,836,0,1,88082000,00007fbebd97e000,00007fbebdb7f000,20,1,0,1
837,837,0,1,88082000,00007fbebd97e000,00007fbebd97e000,20,1,0,2
838,838,0,1,88082000,00007fbebd97e000,0000000000000000,20,1,0,3
839,839,0,1,88082000,00007fbebd97e000,0000000000000000,20,1,0,4
840,840,0,1,88082000,00007fbebd97e000,0000000000000000,20,1,0,5
841,841,0,1,88082000,00007fbebd97e000,0000000000000000,20,1,0,6
842,842,0,1,88082000,00007fbebd97e000,0000000000000000,20,1,0,7
843,843,0,1,88082000,00007fbebd97e000,0000000000000000,20,1,0,8
844,844,0,1,88082000,00007fbebd97e000,0000000000000000,20,1,0,9
845,845,0,1,88082000,00007fbebd97e000,0000000000000000,20,1,0,a
846,846,0,1,88082000,00007fbebd97e000,0000000000000000,20,1,0,b
847,847,0,1,88082000,00007fbebd97e000,0000000000000000,20,1,0,c
848,848,0,1,88082000,00007fbebd97e000,0000000000000000,20,1,0,d
849,849,0,1,88082000,00007fbebd97e000,0000000000000000,20,1,0,e
850,850,0,1,88082000,00007fbebd97e000,0000000000000000,20,1,0,f
851,851,0,1,88082000,00007fbebd97e000,0000000000000000,20,1,0,0
852,852,0,1,88082000,00007fbebd97e000,00007fbebdb7f000,20,1,0,1
853,853,0,1,88082000,00007fbebd97e000,00007fbebd97e000,20,1,0,2
854,854,0,1,88082000,00007fbebd97e000,0000000000000000,20,1,0,3
855,855,0,1,88082000,00007fbebd97e000,0000000000000000,20,1,0,4
856,856,0,1,88082000,00007fbebd97e000,0000000000000000,20,1,0,5
857,857,0,1,88082000,00007fbebd97e000,0000000000000000,20,1,0,6
858,858,0,1,88082000,00007fbebd97e000,0000000000000000,20,1,0,7
859,859,0,1,88082000,00007fbebd97e000,0000000000000000,20,1,0,8
860,860,0,1,88082000,00007fbebd97e000,0000000000000000,20,1,0,9
861,861,0,1,88082000,00007fbebd97e000,0000000000000000,20,1,0,a
862,862,0,1,88082000,00007fbebd97e000,0000000000000000,20,1,0,b
863,863,0,1,88082000,00007fbebd97e000,0000000000000000,20,1,0,c
864,864,0,1,88082000,00007fbebd97e000,0000000000000000,20,1,0,d
865,865,0,1,88082000,00007fbebd97e000,0000000000000000,20,1,0,e
866,866,0,1,88082000,00007fbebd97e000,0000000000000000,20,1,0,f
867,867,0,1,88082000,00007fbebd97e000,0000000000000000,20,1,0,0
868,868,0,1,88082000,00007fbebd97e000,00007fbebdb7f000,20,1,0,1
869,869,0,1,88082000,00007fbebd97e000,00007fbebd97e000,20,1,0,2
870,870,0,1,88082000,00007fbebd97e000,0000000000000000,20,1,0,3
871,871,0,1,88082000,00007fbebd97e000,0000000000000000,20,1,0,4
872,872,0,1,88082000,00007fbebd97e000,0000000000000000,20,1,0,5
873,873,0,1,88082000,00007fbebd97e000,0000000000000000,20,1,0,6
874,874,0,1,88082000,00007fbebd97e000,0000000000000000,20,1,0,7
875,875,0,1,88082000,00007fbebd97e000,0000000000000000,20,1,0,8
876,876,0,1,88082000,00007fbebd97e000,0000000000000000,20,1,0,9
877,877,0,1,88082000,00007fbebd97e000,0000000000000000,20,1,0,a
878,878,0,1,88082000,00007fbebd97e000,0000000000000000,20,1,0,b
879,879,0,1,88082000,00007fbebd97e000,0000000000000000,20,1,0,c
880,880,0,1,88082000,00007fbebd97e000,0000000000000000,20,1,0,d
881,881,0,1,88082000,00007fbebd97e000,0000000000000000,20,1,0,e
882,882,0,1,88082000,00007fbebd97e000,0000000000000000,20,1,0,f
883,883,0,1,88082000,00007fbebd97e000,0000000000000000,20,1,0,0
884,884,0,1,88082000,00007fbebd97e000,00007fbebdb7f000,20,1,0,1
885,885,0,1,88082000,00007fbebd97e000,00007fbebd97e000,20,1,0,2
886,886,0,1,88082000,00007fbebd97e000,0000000000000000,20,1,0,3
887,887,0,1,88082000,00007fbebd97e000,0000000000000000,20,1,0,4
888,888,0,1,88082000,00007fbebd97e000,0000000000000000,20,1,0,5
889,889,0,1,88082000,00007fbebd97e000,0000000000000000,20,1,0,6
890,890,0,1,88082000,00007fbebd97e000,0000000000000000,20,1,0,7
891,891,0,1,88082000,00007fbebd97e000,0000000000000000,20,1,0,8
892,892,0,1,88082000,00007fbebd97e000,0000000000000000,20,1,0,9
893,893,0,1,88082000,00007fbebd97e000,0000000000000000,20,1,0,a
894,894,0,1,88082000,00007fbebd97e000,0000000000000000,20,1,0,b
895,895,0,1,88082000,00007fbebd97e000,0000000000000000,20,1,0,c
896,896,0,1,88082000,00007fbebd97e000,0000000000000000,20,1,0,d
897,897,0,1,88082000,00007fbebd97e000,0000000000000000,20,1,0,e
898,898,0,1,88082000,00007fbebd97e000,0000000000000000,20,1,0,f
899,899,0,1,88082000,00007fbebd97e000,0000000000000000,20,1,0,0
900,900,0,1,88082000,00007fbebd97e000,00007fbebdb7f000,20,1,0,1
901,901,0,1,88082000,00007fbebd97e000,00007fbebd97e000,20,1,0,2
902,902,0,1,88082000,00007fbebd97e000,0000000000000000,20,1,0,3
903,903,0,1,88082000,00007fbebd97e000,0000000000000000,20,1,0,4
904,904,0,1,88082000,00007fbebd97e000,0000000000000000,20,1,0,5
905,905,0,1,88082000,00007fbebd97e000,0000000000000000,20,1,0,6
906,906,0,1,88082000,00007fbebd97e000,0000000000000000,20,1,0,7
907,907,0,1,88082000,00007fbebd97e000,0000000000000000,20,1,0,8
908,908,0,1,88082000,00007fbebd97e000,0000000000000000,20,1,0,9
909,909,0,1,88082000,00007fbebd97e000,0000000000000000,20,1,0,a
910,910,0,1,88082000,00007fbebd97e000,0000000000000000,20,1,0,b
911,911,0,1,88082000,00007fbebd97e000,0000000000000000,20,1,0,c
912,912,0,1,88082000,00007fbebd97e000,0000000000000000,20,1,0,d
913,913,0,1,88082000,00007fbebd97e000,0000000000000000,20,1,0,e
914,914,0,1,88082000,00007fbebd97e000,0000000000000000,20,1,0,f
915,915,0,1,88082000,00007fbebd97e000,0000000000000000,20,1,0,0
916,916,0,1,88082000,00007fbebd97e000,00007fbebdb7f000,20,1,0,1
917,917,0,1,88082000,00007fbebd97e000,00007fbebd97e000,20,1,0,2
918,918,0,1,88082000,00007fbebd97e000,0000000000000000,20,1,0,3
919,919,0,1,88082000,00007fbebd97e000,0000000000000000,20,1,0,4
920,920,0,1,88082000,00007fbebd97e000,0000000000000000,20,1,0,5
921,921,0,1,88082000,00007fbebd97e000,0000000000000000,20,1,0,6
922,922,0,1,88082000,00007fbebd97e000,0000000000000000,20,1,0,7
923,923,0,1,88082000,00007fbebd97e000,0000000000000000,20,1,0,8
924,924,0,1,88082000,00007fbebd97e000,0000000000000000,20,1,0,9
925,925,0,1,88082000,00007fbebd97e000,0000000000000000,20,1,0,a
926,926,0,1,88082000,00007fbebd97e000,0000000000000000,20,1,0,b
927,927,0,1,88082000,00007fbebd97e000,0000000000000000,20,1,0,c
928,928,0,1,88082000,00007fbebd97e000,0000000000000000,20,1,0,d
929,929,0,1,88082000,00007fbebd97e000,0000000000000000,20,1,0,e
930,930,0,1,88082000,00007fbebd97e000,0000000000000000,20,1,0,f
931,931,0,1,88082000,00007fbebd97e000,0000000000000000,20,1,0,0
932,932,0,1,88082000,00007fbebd97e000,00007fbebdb7f000,20,1,0,1
933,933,0,1,88082000,00007fbebd97e000,00007fbebd97e000,20,1,0,2
934,934,0,1,88082000,00007fbebd97e000,0000000000000000,20,1,0,3
935,935,0,1,88082000,00007fbebd97e000,0000000000000000,20,1,0,4
936,936,0,1,88082000,00007fbebd97e000,0000000000000000,20,1,0,5
937,937,0,1,88082000,00007fbebd97e000,0000000000000000,20,1,0,6
938,938,0,1,88082000,00007fbebd97e000,0000000000000000,20,1,0,7
939,939,0,1,88082000,00007fbebd97e000,0000000000000000,20,1,0,8
940,940,0,1,88082000,00007fbebd97e000,0000000000000000,20,1,0,9
941,941,0,1,88082000,00007fbebd97e000,0000000000000000,20,1,0,a
942,942,0,1,88082000,00007fbebd97e000,0000000000000000,20,1,0,b
943,943,0,1,88082000,00007fbebd97e000,0000000000000000,20,1,0,c
944,944,0,1,88082000,00007fbebd97e000,0000000000000000,20,1,0,d
945,945,0,1,88082000,00007fbebd97e000,0000000000000000,20,1,0,e
946,946,0,1,88082000,00007fbebd97e000,0000000000000000,20,1,0,f
947,947,0,1,88082000,00007fbebd97e000,0000000000000000,20,1,0,0
948,948,0,1,88082000,00007fbebd97e000,00007fbebdb7f000,20,1,0,1
949,949,0,1,88082000,00007fbebd97e000,00007fbebd97e000,20,1,0,2
950,950,0,1,88082000,00007fbebd97e000,0000000000000000,20,1,0,3
951,951,0,1,88082000,00007fbebd97e000,0000000000000000,20,1,0,4
952,952,0,1,88082000,00007fbebd97e000,0000000000000000,20,1,0,5
953,953,0,1,88082000,00007fbebd97e000,0000000000000000,20,1,0,6
954,954,0,1,88082000,00007fbebd97e000,0000000000000000,20,1,0,7
955,955,0,1,88082000,00007fbebd97e000,0000000000000000,20,1,0,8
956,956,0,1,88082000,00007fbebd97e000,0000000000000000,20,1,0,9
957,957,0,1,88082000,00007fbebd97e000,0000000000000000,20,1,0,a
958,958,0,1,88082000,00007fbebd97e000,0000000000000000,20,1,0,b
959,959,0,1,88082000,00007fbebd97e000,0000000000000000,20,1,0,c
960,960,0,1,88082000,00007fbebd97e000,0000000000000000,20,1,0,d
961,961,0,1,88082000,00007fbebd97e000,0000000000000000,20,1,0,e
962,962,0,1,88082000,00007fbebd97e000,0000000000000000,20,1,0,f
963,963,0,1,88082000,00007fbebd97e000,0000000000000000,20,1,0,0
964,964,0,1,88082000,00007fbebd97e000,00007fbebdb7f000,20,1,0,1
965,965,0,1,88082000,00007fbebd97e000,00007fbebd97e000,20,1,0,2
966,966,0,1,88082000,00007fbebd97e000,0000000000000000,20,1,0,3
967,967,0,1,88082000,00007fbebd97e000,0000000000000000,20,1,0,4
968,968,0,1,88082000,00007fbebd97e000,0000000000000000,20,1,0,5
969,969,0,1,88082000,00007fbebd97e000,0000000000000000,20,1,0,6
970,970,0,1,88082000,00007fbebd97e000,0000000000000000,20,1,0,7
971,971,0,1,88082000,00007fbebd97e000,0000000000000000,20,1,0,8
972,972,0,1,88082000,00007fbebd97e000,0000000000000000,20,1,0,9
973,973,0,1,88082000,00007fbebd97e000,0000000000000000,20,1,0,a
974,974,0,1,88082000,00007fbebd97e000,0000000000000000,20,1,0,b
975,975,0,1,88082000,00007fbebd97e000,0000000000000000,20,1,0,c
976,976,0,1,88082000,00007fbebd97e000,0000000000000000,20,1,0,d
977,977,0,1,88082000,00007fbebd97e000,0000000000000000,20,1,0,e
978,978,0,1,88082000,00007fbebd97e000,0000000000000000,20,1,0,f
979,979,0,1,88082000,00007fbebd97e000,0000000000000000,20,1,0,0
980,980,0,1,88082000,00007fbebd97e000,00007fbebdb7f000,20,1,0,1
981,981,0,1,88082000,00007fbebd97e000,00007fbebd97e000,20,1,0,2
982,982,0,1,88082000,00007fbebd97e000,0000000000000000,20,1,0,3
983,983,0,1,88082000,00007fbebd97e000,0000000000000000,20,1,0,4
984,984,0,1,88082000,00007fbebd97e000,0000000000000000,20,1,0,5
985,985,0,1,88082000,00007fbebd97e000,0000000000000000,20,1,0,6
986,986,0,1,88082000,00007fbebd97e000,0000000000000000,20,1,0,7
987,987,0,1,88082000,00007fbebd97e000,0000000000000000,20,1,0,8
988,988,0,1,88082000,00007fbebd97e000,0000000000000000,20,1,0,9
989,989,0,1,88082000,00007fbebd97e000,0000000000000000,20,1,0,a
990,990,0,1,88082000,00007fbebd97e000,0000000000000000,20,1,0,b
991,991,0,1,88082000,00007fbebd97e000,0000000000000000,20,1,0,c
992,992,0,1,88082000,00007fbebd97e000,0000000000000000,20,1,0,d
993,993,0,1,88082000,00007fbebd97e000,0000000000000000,20,1,0,e
994,994,0,1,88082000,00007fbebd97e000,0000000000000000,20,1,0,f
995,995,0,1,88082000,00007fbebd97e000,0000000000000000,20,1,0,0
996,996,0,1,88082000,00007fbebd97e000,00007fbebdb7f000,20,1,0,1
997,997,0,1,88082000,00007fbebd97e000,00007fbebd97e000,20,1,0,2
998,998,0,1,88082000,00007fbebd97e000,0000000000000000,20,1,0,3
999,999,0,1,88082000,00007fbebd97e000,0000000000000000,20,1,0,4
1000,1000,0,1,88082000,00007fbebd97e000,0000000000000000,20,1,0,5
1001,1001,0,1,88082000,00007fbebd97e000,0000000000000000,20,1,0,6
1002,1002,0,1,88082000,00007fbebd97e000,0000000000000000,20,1,0,7
1003,1003,0,1,88082000,00007fbebd97e000,0000000000000000,20,1,0,8
1004,1004,0,1,88082000,00007fbebd97e000,0000000000000000,20,1,0,9
1005,1005,0,1,88082000,00007fbebd97e000,0000000000000000,20,1,0,a
1006,1006,0,1,88082000,00007fbebd97e000,0000000000000000,20,1,0,b
1007,1007,0,1,88082000,00007fbebd97e000,0000000000000000,20,1,0,c
1008,1008,0,1,88082000,00007fbebd97e000,0000000000000000,20,1,0,d
1009,1009,0,1,88082000,00007fbebd97e000,0000000000000000,20,1,0,e
1010,1010,0,1,88082000,00007fbebd97e000,0000000000000000,20,1,0,f
1011,1011,0,1,88082000,00007fbebd97e000,0000000000000000,20,1,0,0
1012,1012,0,1,88082000,00007fbebd97e000,00007fbebdb7f000,20,1,0,1
1013,1013,0,1,88082000,00007fbebd97e000,00007fbebd97e000,20,1,0,2
1014,1014,0,1,88082000,00007fbebd97e000,0000000000000000,20,1,0,3
1015,1015,0,1,88082000,00007fbebd97e000,0000000000000000,20,1,0,4
1016,1016,0,1,88082000,00007fbebd97e000,0000000000000000,20,1,0,5
1017,1017,0,1,88082000,00007fbebd97e000,0000000000000000,20,1,0,6
1018,1018,0,1,88082000,00007fbebd97e000,0000000000000000,20,1,0,7
1019,1019,0,1,88082000,00007fbebd97e000,0000000000000000,20,1,0,8
1020,1020,0,1,88082000,00007fbebd97e000,0000000000000000,20,1,0,9
1021,1021,0,1,88082000,00007fbebd97e000,0000000000000000,20,1,0,a
1022,1022,0,1,88082000,00007fbebd97e000,0000000000000000,20,1,0,b
1023,1023,0,1,88082000,00007fbebd97e000,0000000000000000,20,1,0,c
